0 {'PEARLS': [], 'BANANAS': [], 'COCONUTS': [], 'PINA_COLADAS': [], 'BERRIES': [], 'DIVING_GEAR': []} {'COCONUTS': 0, 'BANANAS': 0, 'PINA_COLADAS': 0, 'BERRIES': 0, 'DIVING_GEAR': 0}
100 {'PEARLS': [], 'BANANAS': [], 'COCONUTS': [], 'PINA_COLADAS': [], 'BERRIES': [], 'DIVING_GEAR': []} {'COCONUTS': 0, 'BANANAS': 0, 'PINA_COLADAS': 0, 'BERRIES': 0, 'DIVING_GEAR': 0}
200 {'PEARLS': [], 'BANANAS': [], 'COCONUTS': [], 'PINA_COLADAS': [], 'BERRIES': [], 'DIVING_GEAR': []} {'COCONUTS': 0, 'BANANAS': 0, 'PINA_COLADAS': 0, 'BERRIES': 0, 'DIVING_GEAR': 0}
300 {'PEARLS': [], 'BANANAS': [], 'COCONUTS': [], 'PINA_COLADAS': [], 'BERRIES': [], 'DIVING_GEAR': []} {'COCONUTS': 0, 'BANANAS': 0, 'PINA_COLADAS': 0, 'BERRIES': 0, 'DIVING_GEAR': 0}
400 {'PEARLS': [], 'BANANAS': [], 'COCONUTS': [], 'PINA_COLADAS': [], 'BERRIES': [], 'DIVING_GEAR': []} {'COCONUTS': 0, 'BANANAS': 0, 'PINA_COLADAS': 0, 'BERRIES': 0, 'DIVING_GEAR': 0}
500 {'PEARLS': [], 'BANANAS': [], 'COCONUTS': [], 'PINA_COLADAS': [], 'BERRIES': [], 'DIVING_GEAR': []} {'COCONUTS': 0, 'BANANAS': 0, 'PINA_COLADAS': 0, 'BERRIES': 0, 'DIVING_GEAR': 0}
600 {'PEARLS': [], 'BANANAS': [], 'COCONUTS': [], 'PINA_COLADAS': [], 'BERRIES': [], 'DIVING_GEAR': []} {'COCONUTS': 0, 'BANANAS': 0, 'PINA_COLADAS': 0, 'BERRIES': 0, 'DIVING_GEAR': 0}
700 {'PEARLS': [], 'BANANAS': [], 'COCONUTS': [], 'PINA_COLADAS': [], 'BERRIES': [], 'DIVING_GEAR': []} {'COCONUTS': 0, 'BANANAS': 0, 'PINA_COLADAS': 0, 'BERRIES': 0, 'DIVING_GEAR': 0}
800 {'PEARLS': [], 'BANANAS': [], 'COCONUTS': [], 'PINA_COLADAS': [], 'BERRIES': [], 'DIVING_GEAR': []} {'COCONUTS': 0, 'BANANAS': 0, 'PINA_COLADAS': 0, 'BERRIES': 0, 'DIVING_GEAR': 0}
900 {'PEARLS': [], 'BANANAS': [], 'COCONUTS': [], 'PINA_COLADAS': [], 'BERRIES': [], 'DIVING_GEAR': []} {'COCONUTS': 0, 'BANANAS': 0, 'PINA_COLADAS': 0, 'BERRIES': 0, 'DIVING_GEAR': 0}
1000 {'PEARLS': [], 'BANANAS': [], 'COCONUTS': [], 'PINA_COLADAS': [], 'BERRIES': [], 'DIVING_GEAR': []} {'COCONUTS': 0, 'BANANAS': 0, 'PINA_COLADAS': 0, 'BERRIES': 0, 'DIVING_GEAR': 0}
1100 {'PEARLS': [], 'BANANAS': [], 'COCONUTS': [], 'PINA_COLADAS': [], 'BERRIES': [], 'DIVING_GEAR': []} {'COCONUTS': 0, 'BANANAS': 0, 'PINA_COLADAS': 0, 'BERRIES': 0, 'DIVING_GEAR': 0}
1200 {'PEARLS': [], 'BANANAS': [], 'COCONUTS': [], 'PINA_COLADAS': [], 'BERRIES': [], 'DIVING_GEAR': []} {'COCONUTS': 0, 'BANANAS': 0, 'PINA_COLADAS': 0, 'BERRIES': 0, 'DIVING_GEAR': 0}
1300 {'PEARLS': [], 'BANANAS': [], 'COCONUTS': [], 'PINA_COLADAS': [], 'BERRIES': [], 'DIVING_GEAR': []} {'COCONUTS': 0, 'BANANAS': 0, 'PINA_COLADAS': 0, 'BERRIES': 0, 'DIVING_GEAR': 0}
1400 {'PEARLS': [], 'BANANAS': [], 'COCONUTS': [], 'PINA_COLADAS': [], 'BERRIES': [], 'DIVING_GEAR': []} {'COCONUTS': 0, 'BANANAS': 0, 'PINA_COLADAS': 0, 'BERRIES': 0, 'DIVING_GEAR': 0}
1500 {'PEARLS': [], 'BANANAS': [], 'COCONUTS': [], 'PINA_COLADAS': [], 'BERRIES': [], 'DIVING_GEAR': []} {'COCONUTS': 0, 'BANANAS': 0, 'PINA_COLADAS': 0, 'BERRIES': 0, 'DIVING_GEAR': 0}
1600 {'PEARLS': [], 'BANANAS': [], 'COCONUTS': [], 'PINA_COLADAS': [], 'BERRIES': [], 'DIVING_GEAR': []} {'COCONUTS': 0, 'BANANAS': 0, 'PINA_COLADAS': 0, 'BERRIES': 0, 'DIVING_GEAR': 0}
1700 {'PEARLS': [], 'BANANAS': [], 'COCONUTS': [], 'PINA_COLADAS': [], 'BERRIES': [], 'DIVING_GEAR': []} {'COCONUTS': 0, 'BANANAS': 0, 'PINA_COLADAS': 0, 'BERRIES': 0, 'DIVING_GEAR': 0}
1800 {'PEARLS': [], 'BANANAS': [], 'COCONUTS': [], 'PINA_COLADAS': [], 'BERRIES': [], 'DIVING_GEAR': []} {'COCONUTS': 0, 'BANANAS': 0, 'PINA_COLADAS': 0, 'BERRIES': 0, 'DIVING_GEAR': 0}
1900 {'PEARLS': [], 'BANANAS': [], 'COCONUTS': [], 'PINA_COLADAS': [], 'BERRIES': [], 'DIVING_GEAR': []} {'COCONUTS': 0, 'BANANAS': 0, 'PINA_COLADAS': 0, 'BERRIES': 0, 'DIVING_GEAR': 0}
2000 {'PEARLS': [], 'BANANAS': [], 'COCONUTS': [], 'PINA_COLADAS': [], 'BERRIES': [], 'DIVING_GEAR': []} {'COCONUTS': 0, 'BANANAS': 0, 'PINA_COLADAS': 0, 'BERRIES': 0, 'DIVING_GEAR': 0}
2100 {'PEARLS': [], 'BANANAS': [], 'COCONUTS': [], 'PINA_COLADAS': [], 'BERRIES': [], 'DIVING_GEAR': []} {'COCONUTS': 0, 'BANANAS': 0, 'PINA_COLADAS': 0, 'BERRIES': 0, 'DIVING_GEAR': 0}
2200 {'PEARLS': [], 'BANANAS': [], 'COCONUTS': [], 'PINA_COLADAS': [], 'BERRIES': [], 'DIVING_GEAR': []} {'COCONUTS': 0, 'BANANAS': 0, 'PINA_COLADAS': 0, 'BERRIES': 0, 'DIVING_GEAR': 0}
2300 {'PEARLS': [], 'BANANAS': [], 'COCONUTS': [], 'PINA_COLADAS': [], 'BERRIES': [], 'DIVING_GEAR': []} {'COCONUTS': 0, 'BANANAS': 0, 'PINA_COLADAS': 0, 'BERRIES': 0, 'DIVING_GEAR': 0}
2400 {'PEARLS': [], 'BANANAS': [], 'COCONUTS': [], 'PINA_COLADAS': [], 'BERRIES': [], 'DIVING_GEAR': []} {'COCONUTS': 0, 'BANANAS': 0, 'PINA_COLADAS': 0, 'BERRIES': 0, 'DIVING_GEAR': 0}
2500 {'PEARLS': [], 'BANANAS': [], 'COCONUTS': [], 'PINA_COLADAS': [], 'BERRIES': [], 'DIVING_GEAR': []} {'COCONUTS': 0, 'BANANAS': 0, 'PINA_COLADAS': 0, 'BERRIES': 0, 'DIVING_GEAR': 0}
2600 {'PEARLS': [], 'BANANAS': [], 'COCONUTS': [], 'PINA_COLADAS': [], 'BERRIES': [], 'DIVING_GEAR': []} {'COCONUTS': 0, 'BANANAS': 0, 'PINA_COLADAS': 0, 'BERRIES': 0, 'DIVING_GEAR': 0}
2700 {'PEARLS': [], 'BANANAS': [], 'COCONUTS': [], 'PINA_COLADAS': [], 'BERRIES': [], 'DIVING_GEAR': []} {'COCONUTS': 0, 'BANANAS': 0, 'PINA_COLADAS': 0, 'BERRIES': 0, 'DIVING_GEAR': 0}
2800 {'PEARLS': [], 'BANANAS': [], 'COCONUTS': [], 'PINA_COLADAS': [], 'BERRIES': [], 'DIVING_GEAR': []} {'COCONUTS': 0, 'BANANAS': 0, 'PINA_COLADAS': 0, 'BERRIES': 0, 'DIVING_GEAR': 0}
2900 {'PEARLS': [], 'BANANAS': [], 'COCONUTS': [], 'PINA_COLADAS': [], 'BERRIES': [], 'DIVING_GEAR': []} {'COCONUTS': 0, 'BANANAS': 0, 'PINA_COLADAS': 0, 'BERRIES': 0, 'DIVING_GEAR': 0}
3000 {'PEARLS': [], 'BANANAS': [(BANANAS, 4874.0, -1.0)], 'COCONUTS': [], 'PINA_COLADAS': [], 'BERRIES': [], 'DIVING_GEAR': []} {'COCONUTS': 0, 'BANANAS': 0, 'PINA_COLADAS': 0, 'BERRIES': 0, 'DIVING_GEAR': 0}
3100 {'PEARLS': [], 'BANANAS': [], 'COCONUTS': [], 'PINA_COLADAS': [], 'BERRIES': [], 'DIVING_GEAR': []} {'COCONUTS': 0, 'BANANAS': 0, 'PINA_COLADAS': 0, 'BERRIES': 0, 'DIVING_GEAR': 0}
3200 {'PEARLS': [], 'BANANAS': [], 'COCONUTS': [], 'PINA_COLADAS': [], 'BERRIES': [], 'DIVING_GEAR': []} {'COCONUTS': 0, 'BANANAS': 0, 'PINA_COLADAS': 0, 'BERRIES': 0, 'DIVING_GEAR': 0}
3300 {'PEARLS': [], 'BANANAS': [], 'COCONUTS': [], 'PINA_COLADAS': [], 'BERRIES': [], 'DIVING_GEAR': []} {'COCONUTS': 0, 'BANANAS': 0, 'PINA_COLADAS': 0, 'BERRIES': 0, 'DIVING_GEAR': 0}
3400 {'PEARLS': [], 'BANANAS': [], 'COCONUTS': [], 'PINA_COLADAS': [], 'BERRIES': [], 'DIVING_GEAR': []} {'COCONUTS': 0, 'BANANAS': 0, 'PINA_COLADAS': 0, 'BERRIES': 0, 'DIVING_GEAR': 0}
3500 {'PEARLS': [], 'BANANAS': [], 'COCONUTS': [], 'PINA_COLADAS': [], 'BERRIES': [], 'DIVING_GEAR': []} {'COCONUTS': 0, 'BANANAS': 0, 'PINA_COLADAS': 0, 'BERRIES': 0, 'DIVING_GEAR': 0}
3600 {'PEARLS': [], 'BANANAS': [], 'COCONUTS': [], 'PINA_COLADAS': [], 'BERRIES': [], 'DIVING_GEAR': []} {'COCONUTS': 0, 'BANANAS': 0, 'PINA_COLADAS': 0, 'BERRIES': 0, 'DIVING_GEAR': 0}
3700 {'PEARLS': [], 'BANANAS': [], 'COCONUTS': [], 'PINA_COLADAS': [], 'BERRIES': [], 'DIVING_GEAR': []} {'COCONUTS': 0, 'BANANAS': 0, 'PINA_COLADAS': 0, 'BERRIES': 0, 'DIVING_GEAR': 0}
3800 {'PEARLS': [], 'BANANAS': [], 'COCONUTS': [], 'PINA_COLADAS': [], 'BERRIES': [], 'DIVING_GEAR': []} {'COCONUTS': 0, 'BANANAS': 0, 'PINA_COLADAS': 0, 'BERRIES': 0, 'DIVING_GEAR': 0}
3900 {'PEARLS': [], 'BANANAS': [], 'COCONUTS': [], 'PINA_COLADAS': [], 'BERRIES': [], 'DIVING_GEAR': []} {'COCONUTS': 0, 'BANANAS': 0, 'PINA_COLADAS': 0, 'BERRIES': 0, 'DIVING_GEAR': 0}
4000 {'PEARLS': [], 'BANANAS': [(BANANAS, 4871.0, 1.0)], 'COCONUTS': [], 'PINA_COLADAS': [], 'BERRIES': [], 'DIVING_GEAR': []} {'COCONUTS': 0, 'BANANAS': 3.0, 'PINA_COLADAS': 0, 'BERRIES': 0, 'DIVING_GEAR': 0}
4100 {'PEARLS': [], 'BANANAS': [], 'COCONUTS': [], 'PINA_COLADAS': [], 'BERRIES': [], 'DIVING_GEAR': []} {'COCONUTS': 0, 'BANANAS': 3.0, 'PINA_COLADAS': 0, 'BERRIES': 0, 'DIVING_GEAR': 0}
4200 {'PEARLS': [], 'BANANAS': [], 'COCONUTS': [], 'PINA_COLADAS': [], 'BERRIES': [], 'DIVING_GEAR': []} {'COCONUTS': 0, 'BANANAS': 3.0, 'PINA_COLADAS': 0, 'BERRIES': 0, 'DIVING_GEAR': 0}
4300 {'PEARLS': [], 'BANANAS': [], 'COCONUTS': [], 'PINA_COLADAS': [], 'BERRIES': [], 'DIVING_GEAR': []} {'COCONUTS': 0, 'BANANAS': 3.0, 'PINA_COLADAS': 0, 'BERRIES': 0, 'DIVING_GEAR': 0}
4400 {'PEARLS': [], 'BANANAS': [], 'COCONUTS': [], 'PINA_COLADAS': [], 'BERRIES': [], 'DIVING_GEAR': []} {'COCONUTS': 0, 'BANANAS': 3.0, 'PINA_COLADAS': 0, 'BERRIES': 0, 'DIVING_GEAR': 0}
4500 {'PEARLS': [], 'BANANAS': [], 'COCONUTS': [], 'PINA_COLADAS': [], 'BERRIES': [], 'DIVING_GEAR': []} {'COCONUTS': 0, 'BANANAS': 3.0, 'PINA_COLADAS': 0, 'BERRIES': 0, 'DIVING_GEAR': 0}
4600 {'PEARLS': [], 'BANANAS': [], 'COCONUTS': [], 'PINA_COLADAS': [], 'BERRIES': [], 'DIVING_GEAR': []} {'COCONUTS': 0, 'BANANAS': 3.0, 'PINA_COLADAS': 0, 'BERRIES': 0, 'DIVING_GEAR': 0}
4700 {'PEARLS': [], 'BANANAS': [], 'COCONUTS': [], 'PINA_COLADAS': [], 'BERRIES': [], 'DIVING_GEAR': []} {'COCONUTS': 0, 'BANANAS': 3.0, 'PINA_COLADAS': 0, 'BERRIES': 0, 'DIVING_GEAR': 0}
4800 {'PEARLS': [], 'BANANAS': [(BANANAS, 4876.0, -1.0)], 'COCONUTS': [], 'PINA_COLADAS': [], 'BERRIES': [], 'DIVING_GEAR': []} {'COCONUTS': 0, 'BANANAS': 3.0, 'PINA_COLADAS': 0, 'BERRIES': 0, 'DIVING_GEAR': 0}
4900 {'PEARLS': [], 'BANANAS': [], 'COCONUTS': [], 'PINA_COLADAS': [], 'BERRIES': [], 'DIVING_GEAR': []} {'COCONUTS': 0, 'BANANAS': 3.0, 'PINA_COLADAS': 0, 'BERRIES': 0, 'DIVING_GEAR': 0}
5000 {'PEARLS': [], 'BANANAS': [], 'COCONUTS': [], 'PINA_COLADAS': [], 'BERRIES': [], 'DIVING_GEAR': []} {'COCONUTS': 0, 'BANANAS': 3.0, 'PINA_COLADAS': 0, 'BERRIES': 0, 'DIVING_GEAR': 0}
5100 {'PEARLS': [], 'BANANAS': [], 'COCONUTS': [], 'PINA_COLADAS': [], 'BERRIES': [], 'DIVING_GEAR': []} {'COCONUTS': 0, 'BANANAS': 3.0, 'PINA_COLADAS': 0, 'BERRIES': 0, 'DIVING_GEAR': 0}
5200 {'PEARLS': [], 'BANANAS': [], 'COCONUTS': [], 'PINA_COLADAS': [], 'BERRIES': [], 'DIVING_GEAR': []} {'COCONUTS': 0, 'BANANAS': 3.0, 'PINA_COLADAS': 0, 'BERRIES': 0, 'DIVING_GEAR': 0}
5300 {'PEARLS': [], 'BANANAS': [], 'COCONUTS': [], 'PINA_COLADAS': [], 'BERRIES': [], 'DIVING_GEAR': []} {'COCONUTS': 0, 'BANANAS': 3.0, 'PINA_COLADAS': 0, 'BERRIES': 0, 'DIVING_GEAR': 0}
5400 {'PEARLS': [], 'BANANAS': [], 'COCONUTS': [], 'PINA_COLADAS': [], 'BERRIES': [], 'DIVING_GEAR': []} {'COCONUTS': 0, 'BANANAS': 3.0, 'PINA_COLADAS': 0, 'BERRIES': 0, 'DIVING_GEAR': 0}
5500 {'PEARLS': [], 'BANANAS': [], 'COCONUTS': [], 'PINA_COLADAS': [], 'BERRIES': [], 'DIVING_GEAR': []} {'COCONUTS': 0, 'BANANAS': 3.0, 'PINA_COLADAS': 0, 'BERRIES': 0, 'DIVING_GEAR': 0}
5600 {'PEARLS': [], 'BANANAS': [], 'COCONUTS': [], 'PINA_COLADAS': [], 'BERRIES': [], 'DIVING_GEAR': []} {'COCONUTS': 0, 'BANANAS': 3.0, 'PINA_COLADAS': 0, 'BERRIES': 0, 'DIVING_GEAR': 0}
5700 {'PEARLS': [], 'BANANAS': [(BANANAS, 4877.0, -4.0)], 'COCONUTS': [], 'PINA_COLADAS': [], 'BERRIES': [], 'DIVING_GEAR': []} {'COCONUTS': 0, 'BANANAS': 3.0, 'PINA_COLADAS': 0, 'BERRIES': 0, 'DIVING_GEAR': 0}
5800 {'PEARLS': [], 'BANANAS': [(BANANAS, 4875.0, 2.0)], 'COCONUTS': [], 'PINA_COLADAS': [], 'BERRIES': [], 'DIVING_GEAR': []} {'COCONUTS': 0, 'BANANAS': 6.600000000000364, 'PINA_COLADAS': 0, 'BERRIES': 0, 'DIVING_GEAR': 0}
5900 {'PEARLS': [], 'BANANAS': [], 'COCONUTS': [], 'PINA_COLADAS': [], 'BERRIES': [], 'DIVING_GEAR': []} {'COCONUTS': 0, 'BANANAS': 6.600000000000364, 'PINA_COLADAS': 0, 'BERRIES': 0, 'DIVING_GEAR': 0}
6000 {'PEARLS': [], 'BANANAS': [], 'COCONUTS': [], 'PINA_COLADAS': [], 'BERRIES': [], 'DIVING_GEAR': []} {'COCONUTS': 0, 'BANANAS': 6.600000000000364, 'PINA_COLADAS': 0, 'BERRIES': 0, 'DIVING_GEAR': 0}
6100 {'PEARLS': [], 'BANANAS': [], 'COCONUTS': [], 'PINA_COLADAS': [], 'BERRIES': [], 'DIVING_GEAR': []} {'COCONUTS': 0, 'BANANAS': 6.600000000000364, 'PINA_COLADAS': 0, 'BERRIES': 0, 'DIVING_GEAR': 0}
6200 {'PEARLS': [], 'BANANAS': [(BANANAS, 4878.0, -1.0)], 'COCONUTS': [], 'PINA_COLADAS': [], 'BERRIES': [], 'DIVING_GEAR': []} {'COCONUTS': 0, 'BANANAS': 6.600000000000364, 'PINA_COLADAS': 0, 'BERRIES': 0, 'DIVING_GEAR': 0}
6300 {'PEARLS': [], 'BANANAS': [(BANANAS, 4875.0, 3.0)], 'COCONUTS': [], 'PINA_COLADAS': [], 'BERRIES': [], 'DIVING_GEAR': []} {'COCONUTS': 0, 'BANANAS': 12.900000000001455, 'PINA_COLADAS': 0, 'BERRIES': 0, 'DIVING_GEAR': 0}
6400 {'PEARLS': [], 'BANANAS': [], 'COCONUTS': [], 'PINA_COLADAS': [], 'BERRIES': [], 'DIVING_GEAR': []} {'COCONUTS': 0, 'BANANAS': 12.900000000001455, 'PINA_COLADAS': 0, 'BERRIES': 0, 'DIVING_GEAR': 0}
6500 {'PEARLS': [], 'BANANAS': [], 'COCONUTS': [], 'PINA_COLADAS': [], 'BERRIES': [], 'DIVING_GEAR': []} {'COCONUTS': 0, 'BANANAS': 12.900000000001455, 'PINA_COLADAS': 0, 'BERRIES': 0, 'DIVING_GEAR': 0}
6600 {'PEARLS': [], 'BANANAS': [], 'COCONUTS': [], 'PINA_COLADAS': [], 'BERRIES': [], 'DIVING_GEAR': []} {'COCONUTS': 0, 'BANANAS': 12.900000000001455, 'PINA_COLADAS': 0, 'BERRIES': 0, 'DIVING_GEAR': 0}
6700 {'PEARLS': [], 'BANANAS': [], 'COCONUTS': [], 'PINA_COLADAS': [], 'BERRIES': [], 'DIVING_GEAR': []} {'COCONUTS': 0, 'BANANAS': 12.900000000001455, 'PINA_COLADAS': 0, 'BERRIES': 0, 'DIVING_GEAR': 0}
6800 {'PEARLS': [], 'BANANAS': [], 'COCONUTS': [], 'PINA_COLADAS': [], 'BERRIES': [], 'DIVING_GEAR': []} {'COCONUTS': 0, 'BANANAS': 12.900000000001455, 'PINA_COLADAS': 0, 'BERRIES': 0, 'DIVING_GEAR': 0}
6900 {'PEARLS': [], 'BANANAS': [], 'COCONUTS': [], 'PINA_COLADAS': [], 'BERRIES': [], 'DIVING_GEAR': []} {'COCONUTS': 0, 'BANANAS': 12.900000000001455, 'PINA_COLADAS': 0, 'BERRIES': 0, 'DIVING_GEAR': 0}
7000 {'PEARLS': [], 'BANANAS': [], 'COCONUTS': [], 'PINA_COLADAS': [], 'BERRIES': [], 'DIVING_GEAR': []} {'COCONUTS': 0, 'BANANAS': 12.900000000001455, 'PINA_COLADAS': 0, 'BERRIES': 0, 'DIVING_GEAR': 0}
7100 {'PEARLS': [], 'BANANAS': [], 'COCONUTS': [], 'PINA_COLADAS': [], 'BERRIES': [], 'DIVING_GEAR': []} {'COCONUTS': 0, 'BANANAS': 12.900000000001455, 'PINA_COLADAS': 0, 'BERRIES': 0, 'DIVING_GEAR': 0}
7200 {'PEARLS': [], 'BANANAS': [], 'COCONUTS': [], 'PINA_COLADAS': [], 'BERRIES': [], 'DIVING_GEAR': []} {'COCONUTS': 0, 'BANANAS': 12.900000000001455, 'PINA_COLADAS': 0, 'BERRIES': 0, 'DIVING_GEAR': 0}
7300 {'PEARLS': [], 'BANANAS': [], 'COCONUTS': [], 'PINA_COLADAS': [], 'BERRIES': [], 'DIVING_GEAR': []} {'COCONUTS': 0, 'BANANAS': 12.900000000001455, 'PINA_COLADAS': 0, 'BERRIES': 0, 'DIVING_GEAR': 0}
7400 {'PEARLS': [], 'BANANAS': [], 'COCONUTS': [], 'PINA_COLADAS': [], 'BERRIES': [], 'DIVING_GEAR': []} {'COCONUTS': 0, 'BANANAS': 12.900000000001455, 'PINA_COLADAS': 0, 'BERRIES': 0, 'DIVING_GEAR': 0}
7500 {'PEARLS': [], 'BANANAS': [], 'COCONUTS': [], 'PINA_COLADAS': [], 'BERRIES': [], 'DIVING_GEAR': []} {'COCONUTS': 0, 'BANANAS': 12.900000000001455, 'PINA_COLADAS': 0, 'BERRIES': 0, 'DIVING_GEAR': 0}
7600 {'PEARLS': [], 'BANANAS': [], 'COCONUTS': [], 'PINA_COLADAS': [], 'BERRIES': [], 'DIVING_GEAR': []} {'COCONUTS': 0, 'BANANAS': 12.900000000001455, 'PINA_COLADAS': 0, 'BERRIES': 0, 'DIVING_GEAR': 0}
7700 {'PEARLS': [], 'BANANAS': [], 'COCONUTS': [], 'PINA_COLADAS': [], 'BERRIES': [], 'DIVING_GEAR': []} {'COCONUTS': 0, 'BANANAS': 12.900000000001455, 'PINA_COLADAS': 0, 'BERRIES': 0, 'DIVING_GEAR': 0}
7800 {'PEARLS': [], 'BANANAS': [], 'COCONUTS': [], 'PINA_COLADAS': [], 'BERRIES': [], 'DIVING_GEAR': []} {'COCONUTS': 0, 'BANANAS': 12.900000000001455, 'PINA_COLADAS': 0, 'BERRIES': 0, 'DIVING_GEAR': 0}
7900 {'PEARLS': [], 'BANANAS': [], 'COCONUTS': [], 'PINA_COLADAS': [], 'BERRIES': [], 'DIVING_GEAR': []} {'COCONUTS': 0, 'BANANAS': 12.900000000001455, 'PINA_COLADAS': 0, 'BERRIES': 0, 'DIVING_GEAR': 0}
8000 {'PEARLS': [], 'BANANAS': [(BANANAS, 4875.0, -1.0)], 'COCONUTS': [], 'PINA_COLADAS': [], 'BERRIES': [], 'DIVING_GEAR': []} {'COCONUTS': 0, 'BANANAS': 12.900000000001455, 'PINA_COLADAS': 0, 'BERRIES': 0, 'DIVING_GEAR': 0}
8100 {'PEARLS': [], 'BANANAS': [], 'COCONUTS': [], 'PINA_COLADAS': [], 'BERRIES': [], 'DIVING_GEAR': []} {'COCONUTS': 0, 'BANANAS': 12.900000000001455, 'PINA_COLADAS': 0, 'BERRIES': 0, 'DIVING_GEAR': 0}
8200 {'PEARLS': [], 'BANANAS': [], 'COCONUTS': [], 'PINA_COLADAS': [], 'BERRIES': [], 'DIVING_GEAR': []} {'COCONUTS': 0, 'BANANAS': 12.900000000001455, 'PINA_COLADAS': 0, 'BERRIES': 0, 'DIVING_GEAR': 0}
8300 {'PEARLS': [], 'BANANAS': [], 'COCONUTS': [], 'PINA_COLADAS': [], 'BERRIES': [], 'DIVING_GEAR': []} {'COCONUTS': 0, 'BANANAS': 12.900000000001455, 'PINA_COLADAS': 0, 'BERRIES': 0, 'DIVING_GEAR': 0}
8400 {'PEARLS': [], 'BANANAS': [], 'COCONUTS': [], 'PINA_COLADAS': [], 'BERRIES': [], 'DIVING_GEAR': []} {'COCONUTS': 0, 'BANANAS': 12.900000000001455, 'PINA_COLADAS': 0, 'BERRIES': 0, 'DIVING_GEAR': 0}
8500 {'PEARLS': [], 'BANANAS': [], 'COCONUTS': [], 'PINA_COLADAS': [], 'BERRIES': [], 'DIVING_GEAR': []} {'COCONUTS': 0, 'BANANAS': 12.900000000001455, 'PINA_COLADAS': 0, 'BERRIES': 0, 'DIVING_GEAR': 0}
8600 {'PEARLS': [], 'BANANAS': [], 'COCONUTS': [], 'PINA_COLADAS': [], 'BERRIES': [], 'DIVING_GEAR': []} {'COCONUTS': 0, 'BANANAS': 12.900000000001455, 'PINA_COLADAS': 0, 'BERRIES': 0, 'DIVING_GEAR': 0}
8700 {'PEARLS': [], 'BANANAS': [(BANANAS, 4873.0, -1.0)], 'COCONUTS': [], 'PINA_COLADAS': [], 'BERRIES': [], 'DIVING_GEAR': []} {'COCONUTS': 0, 'BANANAS': 12.900000000001455, 'PINA_COLADAS': 0, 'BERRIES': 0, 'DIVING_GEAR': 0}
8800 {'PEARLS': [], 'BANANAS': [], 'COCONUTS': [], 'PINA_COLADAS': [], 'BERRIES': [], 'DIVING_GEAR': []} {'COCONUTS': 0, 'BANANAS': 12.900000000001455, 'PINA_COLADAS': 0, 'BERRIES': 0, 'DIVING_GEAR': 0}
8900 {'PEARLS': [], 'BANANAS': [], 'COCONUTS': [], 'PINA_COLADAS': [], 'BERRIES': [], 'DIVING_GEAR': []} {'COCONUTS': 0, 'BANANAS': 12.900000000001455, 'PINA_COLADAS': 0, 'BERRIES': 0, 'DIVING_GEAR': 0}
9000 {'PEARLS': [], 'BANANAS': [], 'COCONUTS': [], 'PINA_COLADAS': [], 'BERRIES': [], 'DIVING_GEAR': []} {'COCONUTS': 0, 'BANANAS': 12.900000000001455, 'PINA_COLADAS': 0, 'BERRIES': 0, 'DIVING_GEAR': 0}
9100 {'PEARLS': [], 'BANANAS': [(BANANAS, 4869.0, 5.0)], 'COCONUTS': [], 'PINA_COLADAS': [], 'BERRIES': [], 'DIVING_GEAR': []} {'COCONUTS': 0, 'BANANAS': 31.000000000003638, 'PINA_COLADAS': 0, 'BERRIES': 0, 'DIVING_GEAR': 0}
9200 {'PEARLS': [], 'BANANAS': [], 'COCONUTS': [], 'PINA_COLADAS': [], 'BERRIES': [], 'DIVING_GEAR': []} {'COCONUTS': 0, 'BANANAS': 31.000000000003638, 'PINA_COLADAS': 0, 'BERRIES': 0, 'DIVING_GEAR': 0}
9300 {'PEARLS': [], 'BANANAS': [], 'COCONUTS': [], 'PINA_COLADAS': [], 'BERRIES': [], 'DIVING_GEAR': []} {'COCONUTS': 0, 'BANANAS': 31.000000000003638, 'PINA_COLADAS': 0, 'BERRIES': 0, 'DIVING_GEAR': 0}
9400 {'PEARLS': [], 'BANANAS': [], 'COCONUTS': [], 'PINA_COLADAS': [], 'BERRIES': [], 'DIVING_GEAR': []} {'COCONUTS': 0, 'BANANAS': 31.000000000003638, 'PINA_COLADAS': 0, 'BERRIES': 0, 'DIVING_GEAR': 0}
9500 {'PEARLS': [], 'BANANAS': [], 'COCONUTS': [], 'PINA_COLADAS': [], 'BERRIES': [], 'DIVING_GEAR': []} {'COCONUTS': 0, 'BANANAS': 31.000000000003638, 'PINA_COLADAS': 0, 'BERRIES': 0, 'DIVING_GEAR': 0}
9600 {'PEARLS': [], 'BANANAS': [], 'COCONUTS': [], 'PINA_COLADAS': [], 'BERRIES': [], 'DIVING_GEAR': []} {'COCONUTS': 0, 'BANANAS': 31.000000000003638, 'PINA_COLADAS': 0, 'BERRIES': 0, 'DIVING_GEAR': 0}
9700 {'PEARLS': [], 'BANANAS': [], 'COCONUTS': [], 'PINA_COLADAS': [], 'BERRIES': [], 'DIVING_GEAR': []} {'COCONUTS': 0, 'BANANAS': 31.000000000003638, 'PINA_COLADAS': 0, 'BERRIES': 0, 'DIVING_GEAR': 0}
9800 {'PEARLS': [], 'BANANAS': [], 'COCONUTS': [], 'PINA_COLADAS': [], 'BERRIES': [], 'DIVING_GEAR': []} {'COCONUTS': 0, 'BANANAS': 31.000000000003638, 'PINA_COLADAS': 0, 'BERRIES': 0, 'DIVING_GEAR': 0}
9900 {'PEARLS': [], 'BANANAS': [(BANANAS, 4867.0, 9.0)], 'COCONUTS': [], 'PINA_COLADAS': [], 'BERRIES': [], 'DIVING_GEAR': []} {'COCONUTS': 0, 'BANANAS': 31.000000000003638, 'PINA_COLADAS': 0, 'BERRIES': 0, 'DIVING_GEAR': 0}
10000 {'PEARLS': [], 'BANANAS': [], 'COCONUTS': [], 'PINA_COLADAS': [], 'BERRIES': [], 'DIVING_GEAR': []} {'COCONUTS': 0, 'BANANAS': 31.000000000003638, 'PINA_COLADAS': 0, 'BERRIES': 0, 'DIVING_GEAR': 0}
10100 {'PEARLS': [], 'BANANAS': [], 'COCONUTS': [], 'PINA_COLADAS': [], 'BERRIES': [], 'DIVING_GEAR': []} {'COCONUTS': 0, 'BANANAS': 31.000000000003638, 'PINA_COLADAS': 0, 'BERRIES': 0, 'DIVING_GEAR': 0}
10200 {'PEARLS': [], 'BANANAS': [], 'COCONUTS': [], 'PINA_COLADAS': [], 'BERRIES': [], 'DIVING_GEAR': []} {'COCONUTS': 0, 'BANANAS': 31.000000000003638, 'PINA_COLADAS': 0, 'BERRIES': 0, 'DIVING_GEAR': 0}
10300 {'PEARLS': [], 'BANANAS': [], 'COCONUTS': [], 'PINA_COLADAS': [], 'BERRIES': [], 'DIVING_GEAR': []} {'COCONUTS': 0, 'BANANAS': 31.000000000003638, 'PINA_COLADAS': 0, 'BERRIES': 0, 'DIVING_GEAR': 0}
10400 {'PEARLS': [], 'BANANAS': [], 'COCONUTS': [], 'PINA_COLADAS': [], 'BERRIES': [], 'DIVING_GEAR': []} {'COCONUTS': 0, 'BANANAS': 31.000000000003638, 'PINA_COLADAS': 0, 'BERRIES': 0, 'DIVING_GEAR': 0}
10500 {'PEARLS': [], 'BANANAS': [], 'COCONUTS': [], 'PINA_COLADAS': [], 'BERRIES': [], 'DIVING_GEAR': []} {'COCONUTS': 0, 'BANANAS': 31.000000000003638, 'PINA_COLADAS': 0, 'BERRIES': 0, 'DIVING_GEAR': 0}
10600 {'PEARLS': [], 'BANANAS': [], 'COCONUTS': [], 'PINA_COLADAS': [], 'BERRIES': [], 'DIVING_GEAR': []} {'COCONUTS': 0, 'BANANAS': 31.000000000003638, 'PINA_COLADAS': 0, 'BERRIES': 0, 'DIVING_GEAR': 0}
10700 {'PEARLS': [], 'BANANAS': [], 'COCONUTS': [], 'PINA_COLADAS': [], 'BERRIES': [], 'DIVING_GEAR': []} {'COCONUTS': 0, 'BANANAS': 31.000000000003638, 'PINA_COLADAS': 0, 'BERRIES': 0, 'DIVING_GEAR': 0}
10800 {'PEARLS': [], 'BANANAS': [], 'COCONUTS': [], 'PINA_COLADAS': [], 'BERRIES': [], 'DIVING_GEAR': []} {'COCONUTS': 0, 'BANANAS': 31.000000000003638, 'PINA_COLADAS': 0, 'BERRIES': 0, 'DIVING_GEAR': 0}
10900 {'PEARLS': [], 'BANANAS': [], 'COCONUTS': [], 'PINA_COLADAS': [], 'BERRIES': [], 'DIVING_GEAR': []} {'COCONUTS': 0, 'BANANAS': 31.000000000003638, 'PINA_COLADAS': 0, 'BERRIES': 0, 'DIVING_GEAR': 0}
11000 {'PEARLS': [], 'BANANAS': [(BANANAS, 4867.0, 9.0)], 'COCONUTS': [], 'PINA_COLADAS': [], 'BERRIES': [], 'DIVING_GEAR': []} {'COCONUTS': 0, 'BANANAS': 31.000000000003638, 'PINA_COLADAS': 0, 'BERRIES': 0, 'DIVING_GEAR': 0}
11100 {'PEARLS': [], 'BANANAS': [], 'COCONUTS': [], 'PINA_COLADAS': [], 'BERRIES': [], 'DIVING_GEAR': []} {'COCONUTS': 0, 'BANANAS': 31.000000000003638, 'PINA_COLADAS': 0, 'BERRIES': 0, 'DIVING_GEAR': 0}
11200 {'PEARLS': [], 'BANANAS': [], 'COCONUTS': [], 'PINA_COLADAS': [], 'BERRIES': [], 'DIVING_GEAR': []} {'COCONUTS': 0, 'BANANAS': 31.000000000003638, 'PINA_COLADAS': 0, 'BERRIES': 0, 'DIVING_GEAR': 0}
11300 {'PEARLS': [], 'BANANAS': [], 'COCONUTS': [], 'PINA_COLADAS': [], 'BERRIES': [], 'DIVING_GEAR': []} {'COCONUTS': 0, 'BANANAS': 31.000000000003638, 'PINA_COLADAS': 0, 'BERRIES': 0, 'DIVING_GEAR': 0}
11400 {'PEARLS': [], 'BANANAS': [], 'COCONUTS': [], 'PINA_COLADAS': [], 'BERRIES': [], 'DIVING_GEAR': []} {'COCONUTS': 0, 'BANANAS': 31.000000000003638, 'PINA_COLADAS': 0, 'BERRIES': 0, 'DIVING_GEAR': 0}
11500 {'PEARLS': [], 'BANANAS': [], 'COCONUTS': [], 'PINA_COLADAS': [], 'BERRIES': [], 'DIVING_GEAR': []} {'COCONUTS': 0, 'BANANAS': 31.000000000003638, 'PINA_COLADAS': 0, 'BERRIES': 0, 'DIVING_GEAR': 0}
11600 {'PEARLS': [], 'BANANAS': [], 'COCONUTS': [], 'PINA_COLADAS': [], 'BERRIES': [], 'DIVING_GEAR': []} {'COCONUTS': 0, 'BANANAS': 31.000000000003638, 'PINA_COLADAS': 0, 'BERRIES': 0, 'DIVING_GEAR': 0}
11700 {'PEARLS': [], 'BANANAS': [], 'COCONUTS': [], 'PINA_COLADAS': [], 'BERRIES': [], 'DIVING_GEAR': []} {'COCONUTS': 0, 'BANANAS': 31.000000000003638, 'PINA_COLADAS': 0, 'BERRIES': 0, 'DIVING_GEAR': 0}
11800 {'PEARLS': [], 'BANANAS': [], 'COCONUTS': [], 'PINA_COLADAS': [], 'BERRIES': [], 'DIVING_GEAR': []} {'COCONUTS': 0, 'BANANAS': 31.000000000003638, 'PINA_COLADAS': 0, 'BERRIES': 0, 'DIVING_GEAR': 0}
11900 {'PEARLS': [], 'BANANAS': [], 'COCONUTS': [], 'PINA_COLADAS': [], 'BERRIES': [], 'DIVING_GEAR': []} {'COCONUTS': 0, 'BANANAS': 31.000000000003638, 'PINA_COLADAS': 0, 'BERRIES': 0, 'DIVING_GEAR': 0}
12000 {'PEARLS': [], 'BANANAS': [], 'COCONUTS': [], 'PINA_COLADAS': [], 'BERRIES': [], 'DIVING_GEAR': []} {'COCONUTS': 0, 'BANANAS': 31.000000000003638, 'PINA_COLADAS': 0, 'BERRIES': 0, 'DIVING_GEAR': 0}
12100 {'PEARLS': [], 'BANANAS': [], 'COCONUTS': [], 'PINA_COLADAS': [], 'BERRIES': [], 'DIVING_GEAR': []} {'COCONUTS': 0, 'BANANAS': 31.000000000003638, 'PINA_COLADAS': 0, 'BERRIES': 0, 'DIVING_GEAR': 0}
12200 {'PEARLS': [], 'BANANAS': [], 'COCONUTS': [], 'PINA_COLADAS': [], 'BERRIES': [], 'DIVING_GEAR': []} {'COCONUTS': 0, 'BANANAS': 31.000000000003638, 'PINA_COLADAS': 0, 'BERRIES': 0, 'DIVING_GEAR': 0}
12300 {'PEARLS': [], 'BANANAS': [], 'COCONUTS': [], 'PINA_COLADAS': [], 'BERRIES': [], 'DIVING_GEAR': []} {'COCONUTS': 0, 'BANANAS': 31.000000000003638, 'PINA_COLADAS': 0, 'BERRIES': 0, 'DIVING_GEAR': 0}
12400 {'PEARLS': [], 'BANANAS': [], 'COCONUTS': [], 'PINA_COLADAS': [], 'BERRIES': [], 'DIVING_GEAR': []} {'COCONUTS': 0, 'BANANAS': 31.000000000003638, 'PINA_COLADAS': 0, 'BERRIES': 0, 'DIVING_GEAR': 0}
12500 {'PEARLS': [], 'BANANAS': [], 'COCONUTS': [], 'PINA_COLADAS': [], 'BERRIES': [], 'DIVING_GEAR': []} {'COCONUTS': 0, 'BANANAS': 31.000000000003638, 'PINA_COLADAS': 0, 'BERRIES': 0, 'DIVING_GEAR': 0}
12600 {'PEARLS': [], 'BANANAS': [], 'COCONUTS': [], 'PINA_COLADAS': [], 'BERRIES': [], 'DIVING_GEAR': []} {'COCONUTS': 0, 'BANANAS': 31.000000000003638, 'PINA_COLADAS': 0, 'BERRIES': 0, 'DIVING_GEAR': 0}
12700 {'PEARLS': [], 'BANANAS': [], 'COCONUTS': [], 'PINA_COLADAS': [], 'BERRIES': [], 'DIVING_GEAR': []} {'COCONUTS': 0, 'BANANAS': 31.000000000003638, 'PINA_COLADAS': 0, 'BERRIES': 0, 'DIVING_GEAR': 0}
12800 {'PEARLS': [], 'BANANAS': [], 'COCONUTS': [], 'PINA_COLADAS': [], 'BERRIES': [], 'DIVING_GEAR': []} {'COCONUTS': 0, 'BANANAS': 31.000000000003638, 'PINA_COLADAS': 0, 'BERRIES': 0, 'DIVING_GEAR': 0}
12900 {'PEARLS': [], 'BANANAS': [], 'COCONUTS': [], 'PINA_COLADAS': [], 'BERRIES': [], 'DIVING_GEAR': []} {'COCONUTS': 0, 'BANANAS': 31.000000000003638, 'PINA_COLADAS': 0, 'BERRIES': 0, 'DIVING_GEAR': 0}
13000 {'PEARLS': [], 'BANANAS': [], 'COCONUTS': [], 'PINA_COLADAS': [], 'BERRIES': [], 'DIVING_GEAR': []} {'COCONUTS': 0, 'BANANAS': 31.000000000003638, 'PINA_COLADAS': 0, 'BERRIES': 0, 'DIVING_GEAR': 0}
13100 {'PEARLS': [], 'BANANAS': [], 'COCONUTS': [], 'PINA_COLADAS': [], 'BERRIES': [], 'DIVING_GEAR': []} {'COCONUTS': 0, 'BANANAS': 31.000000000003638, 'PINA_COLADAS': 0, 'BERRIES': 0, 'DIVING_GEAR': 0}
13200 {'PEARLS': [], 'BANANAS': [(BANANAS, 4871.0, -1.0)], 'COCONUTS': [], 'PINA_COLADAS': [], 'BERRIES': [], 'DIVING_GEAR': []} {'COCONUTS': 0, 'BANANAS': 34.80000000000382, 'PINA_COLADAS': 0, 'BERRIES': 0, 'DIVING_GEAR': 0}
13300 {'PEARLS': [], 'BANANAS': [], 'COCONUTS': [], 'PINA_COLADAS': [], 'BERRIES': [], 'DIVING_GEAR': []} {'COCONUTS': 0, 'BANANAS': 34.80000000000382, 'PINA_COLADAS': 0, 'BERRIES': 0, 'DIVING_GEAR': 0}
13400 {'PEARLS': [], 'BANANAS': [], 'COCONUTS': [], 'PINA_COLADAS': [], 'BERRIES': [], 'DIVING_GEAR': []} {'COCONUTS': 0, 'BANANAS': 34.80000000000382, 'PINA_COLADAS': 0, 'BERRIES': 0, 'DIVING_GEAR': 0}
13500 {'PEARLS': [], 'BANANAS': [(BANANAS, 4870.0, -5.0)], 'COCONUTS': [], 'PINA_COLADAS': [], 'BERRIES': [], 'DIVING_GEAR': []} {'COCONUTS': 0, 'BANANAS': 48.80000000000382, 'PINA_COLADAS': 0, 'BERRIES': 0, 'DIVING_GEAR': 0}
13600 {'PEARLS': [], 'BANANAS': [], 'COCONUTS': [], 'PINA_COLADAS': [], 'BERRIES': [], 'DIVING_GEAR': []} {'COCONUTS': 0, 'BANANAS': 48.80000000000382, 'PINA_COLADAS': 0, 'BERRIES': 0, 'DIVING_GEAR': 0}
13700 {'PEARLS': [], 'BANANAS': [(BANANAS, 4870.0, -2.0)], 'COCONUTS': [], 'PINA_COLADAS': [], 'BERRIES': [], 'DIVING_GEAR': []} {'COCONUTS': 0, 'BANANAS': 54.400000000004184, 'PINA_COLADAS': 0, 'BERRIES': 0, 'DIVING_GEAR': 0}
13800 {'PEARLS': [], 'BANANAS': [], 'COCONUTS': [], 'PINA_COLADAS': [], 'BERRIES': [], 'DIVING_GEAR': []} {'COCONUTS': 0, 'BANANAS': 54.400000000004184, 'PINA_COLADAS': 0, 'BERRIES': 0, 'DIVING_GEAR': 0}
13900 {'PEARLS': [], 'BANANAS': [], 'COCONUTS': [], 'PINA_COLADAS': [], 'BERRIES': [], 'DIVING_GEAR': []} {'COCONUTS': 0, 'BANANAS': 54.400000000004184, 'PINA_COLADAS': 0, 'BERRIES': 0, 'DIVING_GEAR': 0}
14000 {'PEARLS': [], 'BANANAS': [], 'COCONUTS': [], 'PINA_COLADAS': [], 'BERRIES': [], 'DIVING_GEAR': []} {'COCONUTS': 0, 'BANANAS': 54.400000000004184, 'PINA_COLADAS': 0, 'BERRIES': 0, 'DIVING_GEAR': 0}
14100 {'PEARLS': [], 'BANANAS': [], 'COCONUTS': [], 'PINA_COLADAS': [], 'BERRIES': [], 'DIVING_GEAR': []} {'COCONUTS': 0, 'BANANAS': 54.400000000004184, 'PINA_COLADAS': 0, 'BERRIES': 0, 'DIVING_GEAR': 0}
14200 {'PEARLS': [], 'BANANAS': [], 'COCONUTS': [], 'PINA_COLADAS': [], 'BERRIES': [], 'DIVING_GEAR': []} {'COCONUTS': 0, 'BANANAS': 54.400000000004184, 'PINA_COLADAS': 0, 'BERRIES': 0, 'DIVING_GEAR': 0}
14300 {'PEARLS': [], 'BANANAS': [(BANANAS, 4871.0, -2.0)], 'COCONUTS': [], 'PINA_COLADAS': [], 'BERRIES': [], 'DIVING_GEAR': []} {'COCONUTS': 0, 'BANANAS': 62.00000000000455, 'PINA_COLADAS': 0, 'BERRIES': 0, 'DIVING_GEAR': 0}
14400 {'PEARLS': [], 'BANANAS': [], 'COCONUTS': [], 'PINA_COLADAS': [], 'BERRIES': [], 'DIVING_GEAR': []} {'COCONUTS': 0, 'BANANAS': 62.00000000000455, 'PINA_COLADAS': 0, 'BERRIES': 0, 'DIVING_GEAR': 0}
14500 {'PEARLS': [], 'BANANAS': [], 'COCONUTS': [], 'PINA_COLADAS': [], 'BERRIES': [], 'DIVING_GEAR': []} {'COCONUTS': 0, 'BANANAS': 62.00000000000455, 'PINA_COLADAS': 0, 'BERRIES': 0, 'DIVING_GEAR': 0}
14600 {'PEARLS': [], 'BANANAS': [(BANANAS, 4867.0, 10.0)], 'COCONUTS': [], 'PINA_COLADAS': [], 'BERRIES': [], 'DIVING_GEAR': []} {'COCONUTS': 0, 'BANANAS': 62.00000000000455, 'PINA_COLADAS': 0, 'BERRIES': 0, 'DIVING_GEAR': 0}
14700 {'PEARLS': [], 'BANANAS': [], 'COCONUTS': [], 'PINA_COLADAS': [], 'BERRIES': [], 'DIVING_GEAR': []} {'COCONUTS': 0, 'BANANAS': 62.00000000000455, 'PINA_COLADAS': 0, 'BERRIES': 0, 'DIVING_GEAR': 0}
14800 {'PEARLS': [], 'BANANAS': [(BANANAS, 4868.0, 0.0)], 'COCONUTS': [], 'PINA_COLADAS': [], 'BERRIES': [], 'DIVING_GEAR': []} {'COCONUTS': 0, 'BANANAS': 62.00000000000455, 'PINA_COLADAS': 0, 'BERRIES': 0, 'DIVING_GEAR': 0}
14900 {'PEARLS': [], 'BANANAS': [], 'COCONUTS': [], 'PINA_COLADAS': [], 'BERRIES': [], 'DIVING_GEAR': []} {'COCONUTS': 0, 'BANANAS': 62.00000000000455, 'PINA_COLADAS': 0, 'BERRIES': 0, 'DIVING_GEAR': 0}
15000 {'PEARLS': [], 'BANANAS': [], 'COCONUTS': [], 'PINA_COLADAS': [], 'BERRIES': [], 'DIVING_GEAR': []} {'COCONUTS': 0, 'BANANAS': 62.00000000000455, 'PINA_COLADAS': 0, 'BERRIES': 0, 'DIVING_GEAR': 0}
15100 {'PEARLS': [], 'BANANAS': [], 'COCONUTS': [], 'PINA_COLADAS': [], 'BERRIES': [], 'DIVING_GEAR': []} {'COCONUTS': 0, 'BANANAS': 62.00000000000455, 'PINA_COLADAS': 0, 'BERRIES': 0, 'DIVING_GEAR': 0}
15200 {'PEARLS': [], 'BANANAS': [], 'COCONUTS': [], 'PINA_COLADAS': [], 'BERRIES': [], 'DIVING_GEAR': []} {'COCONUTS': 0, 'BANANAS': 62.00000000000455, 'PINA_COLADAS': 0, 'BERRIES': 0, 'DIVING_GEAR': 0}
15300 {'PEARLS': [], 'BANANAS': [], 'COCONUTS': [], 'PINA_COLADAS': [], 'BERRIES': [], 'DIVING_GEAR': []} {'COCONUTS': 0, 'BANANAS': 62.00000000000455, 'PINA_COLADAS': 0, 'BERRIES': 0, 'DIVING_GEAR': 0}
15400 {'PEARLS': [], 'BANANAS': [], 'COCONUTS': [], 'PINA_COLADAS': [], 'BERRIES': [], 'DIVING_GEAR': []} {'COCONUTS': 0, 'BANANAS': 62.00000000000455, 'PINA_COLADAS': 0, 'BERRIES': 0, 'DIVING_GEAR': 0}
15500 {'PEARLS': [], 'BANANAS': [], 'COCONUTS': [], 'PINA_COLADAS': [], 'BERRIES': [], 'DIVING_GEAR': []} {'COCONUTS': 0, 'BANANAS': 62.00000000000455, 'PINA_COLADAS': 0, 'BERRIES': 0, 'DIVING_GEAR': 0}
15600 {'PEARLS': [], 'BANANAS': [], 'COCONUTS': [], 'PINA_COLADAS': [], 'BERRIES': [], 'DIVING_GEAR': []} {'COCONUTS': 0, 'BANANAS': 62.00000000000455, 'PINA_COLADAS': 0, 'BERRIES': 0, 'DIVING_GEAR': 0}
15700 {'PEARLS': [], 'BANANAS': [], 'COCONUTS': [], 'PINA_COLADAS': [], 'BERRIES': [], 'DIVING_GEAR': []} {'COCONUTS': 0, 'BANANAS': 62.00000000000455, 'PINA_COLADAS': 0, 'BERRIES': 0, 'DIVING_GEAR': 0}
15800 {'PEARLS': [], 'BANANAS': [], 'COCONUTS': [], 'PINA_COLADAS': [], 'BERRIES': [], 'DIVING_GEAR': []} {'COCONUTS': 0, 'BANANAS': 62.00000000000455, 'PINA_COLADAS': 0, 'BERRIES': 0, 'DIVING_GEAR': 0}
15900 {'PEARLS': [], 'BANANAS': [], 'COCONUTS': [], 'PINA_COLADAS': [], 'BERRIES': [], 'DIVING_GEAR': []} {'COCONUTS': 0, 'BANANAS': 62.00000000000455, 'PINA_COLADAS': 0, 'BERRIES': 0, 'DIVING_GEAR': 0}
16000 {'PEARLS': [], 'BANANAS': [(BANANAS, 4863.0, 0.0)], 'COCONUTS': [], 'PINA_COLADAS': [], 'BERRIES': [], 'DIVING_GEAR': []} {'COCONUTS': 0, 'BANANAS': 62.00000000000455, 'PINA_COLADAS': 0, 'BERRIES': 0, 'DIVING_GEAR': 0}
16100 {'PEARLS': [], 'BANANAS': [], 'COCONUTS': [], 'PINA_COLADAS': [], 'BERRIES': [], 'DIVING_GEAR': []} {'COCONUTS': 0, 'BANANAS': 62.00000000000455, 'PINA_COLADAS': 0, 'BERRIES': 0, 'DIVING_GEAR': 0}
16200 {'PEARLS': [], 'BANANAS': [], 'COCONUTS': [], 'PINA_COLADAS': [], 'BERRIES': [], 'DIVING_GEAR': []} {'COCONUTS': 0, 'BANANAS': 62.00000000000455, 'PINA_COLADAS': 0, 'BERRIES': 0, 'DIVING_GEAR': 0}
16300 {'PEARLS': [], 'BANANAS': [], 'COCONUTS': [], 'PINA_COLADAS': [], 'BERRIES': [], 'DIVING_GEAR': []} {'COCONUTS': 0, 'BANANAS': 62.00000000000455, 'PINA_COLADAS': 0, 'BERRIES': 0, 'DIVING_GEAR': 0}
16400 {'PEARLS': [], 'BANANAS': [], 'COCONUTS': [], 'PINA_COLADAS': [], 'BERRIES': [], 'DIVING_GEAR': []} {'COCONUTS': 0, 'BANANAS': 62.00000000000455, 'PINA_COLADAS': 0, 'BERRIES': 0, 'DIVING_GEAR': 0}
16500 {'PEARLS': [], 'BANANAS': [], 'COCONUTS': [], 'PINA_COLADAS': [], 'BERRIES': [], 'DIVING_GEAR': []} {'COCONUTS': 0, 'BANANAS': 62.00000000000455, 'PINA_COLADAS': 0, 'BERRIES': 0, 'DIVING_GEAR': 0}
16600 {'PEARLS': [], 'BANANAS': [], 'COCONUTS': [], 'PINA_COLADAS': [], 'BERRIES': [], 'DIVING_GEAR': []} {'COCONUTS': 0, 'BANANAS': 62.00000000000455, 'PINA_COLADAS': 0, 'BERRIES': 0, 'DIVING_GEAR': 0}
16700 {'PEARLS': [], 'BANANAS': [], 'COCONUTS': [], 'PINA_COLADAS': [], 'BERRIES': [], 'DIVING_GEAR': []} {'COCONUTS': 0, 'BANANAS': 62.00000000000455, 'PINA_COLADAS': 0, 'BERRIES': 0, 'DIVING_GEAR': 0}
16800 {'PEARLS': [], 'BANANAS': [], 'COCONUTS': [], 'PINA_COLADAS': [], 'BERRIES': [], 'DIVING_GEAR': []} {'COCONUTS': 0, 'BANANAS': 62.00000000000455, 'PINA_COLADAS': 0, 'BERRIES': 0, 'DIVING_GEAR': 0}
16900 {'PEARLS': [], 'BANANAS': [], 'COCONUTS': [], 'PINA_COLADAS': [], 'BERRIES': [], 'DIVING_GEAR': []} {'COCONUTS': 0, 'BANANAS': 62.00000000000455, 'PINA_COLADAS': 0, 'BERRIES': 0, 'DIVING_GEAR': 0}
17000 {'PEARLS': [], 'BANANAS': [], 'COCONUTS': [], 'PINA_COLADAS': [], 'BERRIES': [], 'DIVING_GEAR': []} {'COCONUTS': 0, 'BANANAS': 62.00000000000455, 'PINA_COLADAS': 0, 'BERRIES': 0, 'DIVING_GEAR': 0}
17100 {'PEARLS': [], 'BANANAS': [], 'COCONUTS': [], 'PINA_COLADAS': [], 'BERRIES': [], 'DIVING_GEAR': []} {'COCONUTS': 0, 'BANANAS': 62.00000000000455, 'PINA_COLADAS': 0, 'BERRIES': 0, 'DIVING_GEAR': 0}
17200 {'PEARLS': [], 'BANANAS': [], 'COCONUTS': [], 'PINA_COLADAS': [], 'BERRIES': [], 'DIVING_GEAR': []} {'COCONUTS': 0, 'BANANAS': 62.00000000000455, 'PINA_COLADAS': 0, 'BERRIES': 0, 'DIVING_GEAR': 0}
17300 {'PEARLS': [], 'BANANAS': [], 'COCONUTS': [], 'PINA_COLADAS': [], 'BERRIES': [], 'DIVING_GEAR': []} {'COCONUTS': 0, 'BANANAS': 62.00000000000455, 'PINA_COLADAS': 0, 'BERRIES': 0, 'DIVING_GEAR': 0}
17400 {'PEARLS': [], 'BANANAS': [], 'COCONUTS': [], 'PINA_COLADAS': [], 'BERRIES': [], 'DIVING_GEAR': []} {'COCONUTS': 0, 'BANANAS': 62.00000000000455, 'PINA_COLADAS': 0, 'BERRIES': 0, 'DIVING_GEAR': 0}
17500 {'PEARLS': [], 'BANANAS': [], 'COCONUTS': [], 'PINA_COLADAS': [], 'BERRIES': [], 'DIVING_GEAR': []} {'COCONUTS': 0, 'BANANAS': 62.00000000000455, 'PINA_COLADAS': 0, 'BERRIES': 0, 'DIVING_GEAR': 0}
17600 {'PEARLS': [], 'BANANAS': [], 'COCONUTS': [], 'PINA_COLADAS': [], 'BERRIES': [], 'DIVING_GEAR': []} {'COCONUTS': 0, 'BANANAS': 62.00000000000455, 'PINA_COLADAS': 0, 'BERRIES': 0, 'DIVING_GEAR': 0}
17700 {'PEARLS': [], 'BANANAS': [], 'COCONUTS': [], 'PINA_COLADAS': [], 'BERRIES': [], 'DIVING_GEAR': []} {'COCONUTS': 0, 'BANANAS': 62.00000000000455, 'PINA_COLADAS': 0, 'BERRIES': 0, 'DIVING_GEAR': 0}
17800 {'PEARLS': [], 'BANANAS': [], 'COCONUTS': [], 'PINA_COLADAS': [], 'BERRIES': [], 'DIVING_GEAR': []} {'COCONUTS': 0, 'BANANAS': 62.00000000000455, 'PINA_COLADAS': 0, 'BERRIES': 0, 'DIVING_GEAR': 0}
17900 {'PEARLS': [], 'BANANAS': [], 'COCONUTS': [], 'PINA_COLADAS': [], 'BERRIES': [], 'DIVING_GEAR': []} {'COCONUTS': 0, 'BANANAS': 62.00000000000455, 'PINA_COLADAS': 0, 'BERRIES': 0, 'DIVING_GEAR': 0}
18000 {'PEARLS': [], 'BANANAS': [], 'COCONUTS': [], 'PINA_COLADAS': [], 'BERRIES': [], 'DIVING_GEAR': []} {'COCONUTS': 0, 'BANANAS': 62.00000000000455, 'PINA_COLADAS': 0, 'BERRIES': 0, 'DIVING_GEAR': 0}
18100 {'PEARLS': [], 'BANANAS': [], 'COCONUTS': [], 'PINA_COLADAS': [], 'BERRIES': [], 'DIVING_GEAR': []} {'COCONUTS': 0, 'BANANAS': 62.00000000000455, 'PINA_COLADAS': 0, 'BERRIES': 0, 'DIVING_GEAR': 0}
18200 {'PEARLS': [], 'BANANAS': [], 'COCONUTS': [], 'PINA_COLADAS': [], 'BERRIES': [], 'DIVING_GEAR': []} {'COCONUTS': 0, 'BANANAS': 62.00000000000455, 'PINA_COLADAS': 0, 'BERRIES': 0, 'DIVING_GEAR': 0}
18300 {'PEARLS': [], 'BANANAS': [], 'COCONUTS': [], 'PINA_COLADAS': [], 'BERRIES': [], 'DIVING_GEAR': []} {'COCONUTS': 0, 'BANANAS': 62.00000000000455, 'PINA_COLADAS': 0, 'BERRIES': 0, 'DIVING_GEAR': 0}
18400 {'PEARLS': [], 'BANANAS': [(BANANAS, 4868.0, -1.0)], 'COCONUTS': [], 'PINA_COLADAS': [], 'BERRIES': [], 'DIVING_GEAR': []} {'COCONUTS': 0, 'BANANAS': 62.900000000004184, 'PINA_COLADAS': 0, 'BERRIES': 0, 'DIVING_GEAR': 0}
18500 {'PEARLS': [], 'BANANAS': [(BANANAS, 4867.0, -1.0)], 'COCONUTS': [], 'PINA_COLADAS': [], 'BERRIES': [], 'DIVING_GEAR': []} {'COCONUTS': 0, 'BANANAS': 62.80000000000382, 'PINA_COLADAS': 0, 'BERRIES': 0, 'DIVING_GEAR': 0}
18600 {'PEARLS': [], 'BANANAS': [], 'COCONUTS': [], 'PINA_COLADAS': [], 'BERRIES': [], 'DIVING_GEAR': []} {'COCONUTS': 0, 'BANANAS': 62.80000000000382, 'PINA_COLADAS': 0, 'BERRIES': 0, 'DIVING_GEAR': 0}
18700 {'PEARLS': [], 'BANANAS': [], 'COCONUTS': [], 'PINA_COLADAS': [], 'BERRIES': [], 'DIVING_GEAR': []} {'COCONUTS': 0, 'BANANAS': 62.80000000000382, 'PINA_COLADAS': 0, 'BERRIES': 0, 'DIVING_GEAR': 0}
18800 {'PEARLS': [], 'BANANAS': [], 'COCONUTS': [], 'PINA_COLADAS': [], 'BERRIES': [], 'DIVING_GEAR': []} {'COCONUTS': 0, 'BANANAS': 62.80000000000382, 'PINA_COLADAS': 0, 'BERRIES': 0, 'DIVING_GEAR': 0}
18900 {'PEARLS': [], 'BANANAS': [(BANANAS, 4866.0, -8.0)], 'COCONUTS': [], 'PINA_COLADAS': [], 'BERRIES': [], 'DIVING_GEAR': []} {'COCONUTS': 0, 'BANANAS': 54.00000000000091, 'PINA_COLADAS': 0, 'BERRIES': 0, 'DIVING_GEAR': 0}
19000 {'PEARLS': [], 'BANANAS': [], 'COCONUTS': [], 'PINA_COLADAS': [], 'BERRIES': [], 'DIVING_GEAR': []} {'COCONUTS': 0, 'BANANAS': 54.00000000000091, 'PINA_COLADAS': 0, 'BERRIES': 0, 'DIVING_GEAR': 0}
19100 {'PEARLS': [], 'BANANAS': [], 'COCONUTS': [], 'PINA_COLADAS': [], 'BERRIES': [], 'DIVING_GEAR': []} {'COCONUTS': 0, 'BANANAS': 54.00000000000091, 'PINA_COLADAS': 0, 'BERRIES': 0, 'DIVING_GEAR': 0}
19200 {'PEARLS': [], 'BANANAS': [], 'COCONUTS': [], 'PINA_COLADAS': [], 'BERRIES': [], 'DIVING_GEAR': []} {'COCONUTS': 0, 'BANANAS': 54.00000000000091, 'PINA_COLADAS': 0, 'BERRIES': 0, 'DIVING_GEAR': 0}
19300 {'PEARLS': [], 'BANANAS': [], 'COCONUTS': [], 'PINA_COLADAS': [], 'BERRIES': [], 'DIVING_GEAR': []} {'COCONUTS': 0, 'BANANAS': 54.00000000000091, 'PINA_COLADAS': 0, 'BERRIES': 0, 'DIVING_GEAR': 0}
19400 {'PEARLS': [], 'BANANAS': [], 'COCONUTS': [], 'PINA_COLADAS': [], 'BERRIES': [], 'DIVING_GEAR': []} {'COCONUTS': 0, 'BANANAS': 54.00000000000091, 'PINA_COLADAS': 0, 'BERRIES': 0, 'DIVING_GEAR': 0}
19500 {'PEARLS': [], 'BANANAS': [], 'COCONUTS': [], 'PINA_COLADAS': [], 'BERRIES': [], 'DIVING_GEAR': []} {'COCONUTS': 0, 'BANANAS': 54.00000000000091, 'PINA_COLADAS': 0, 'BERRIES': 0, 'DIVING_GEAR': 0}
19600 {'PEARLS': [], 'BANANAS': [(BANANAS, 4863.0, 4.0)], 'COCONUTS': [], 'PINA_COLADAS': [], 'BERRIES': [], 'DIVING_GEAR': []} {'COCONUTS': 0, 'BANANAS': 54.00000000000091, 'PINA_COLADAS': 0, 'BERRIES': 0, 'DIVING_GEAR': 0}
19700 {'PEARLS': [], 'BANANAS': [], 'COCONUTS': [], 'PINA_COLADAS': [], 'BERRIES': [], 'DIVING_GEAR': []} {'COCONUTS': 0, 'BANANAS': 54.00000000000091, 'PINA_COLADAS': 0, 'BERRIES': 0, 'DIVING_GEAR': 0}
19800 {'PEARLS': [], 'BANANAS': [], 'COCONUTS': [], 'PINA_COLADAS': [], 'BERRIES': [], 'DIVING_GEAR': []} {'COCONUTS': 0, 'BANANAS': 54.00000000000091, 'PINA_COLADAS': 0, 'BERRIES': 0, 'DIVING_GEAR': 0}
19900 {'PEARLS': [], 'BANANAS': [], 'COCONUTS': [], 'PINA_COLADAS': [], 'BERRIES': [], 'DIVING_GEAR': []} {'COCONUTS': 0, 'BANANAS': 54.00000000000091, 'PINA_COLADAS': 0, 'BERRIES': 0, 'DIVING_GEAR': 0}
20000 {'PEARLS': [], 'BANANAS': [(BANANAS, 4863.0, 6.0)], 'COCONUTS': [], 'PINA_COLADAS': [], 'BERRIES': [], 'DIVING_GEAR': []} {'COCONUTS': 0, 'BANANAS': 54.00000000000091, 'PINA_COLADAS': 0, 'BERRIES': 0, 'DIVING_GEAR': 0}
20100 {'PEARLS': [], 'BANANAS': [], 'COCONUTS': [], 'PINA_COLADAS': [], 'BERRIES': [], 'DIVING_GEAR': []} {'COCONUTS': 0, 'BANANAS': 54.00000000000091, 'PINA_COLADAS': 0, 'BERRIES': 0, 'DIVING_GEAR': 0}
20200 {'PEARLS': [], 'BANANAS': [], 'COCONUTS': [], 'PINA_COLADAS': [], 'BERRIES': [], 'DIVING_GEAR': []} {'COCONUTS': 0, 'BANANAS': 54.00000000000091, 'PINA_COLADAS': 0, 'BERRIES': 0, 'DIVING_GEAR': 0}
20300 {'PEARLS': [], 'BANANAS': [], 'COCONUTS': [], 'PINA_COLADAS': [], 'BERRIES': [], 'DIVING_GEAR': []} {'COCONUTS': 0, 'BANANAS': 54.00000000000091, 'PINA_COLADAS': 0, 'BERRIES': 0, 'DIVING_GEAR': 0}
20400 {'PEARLS': [], 'BANANAS': [], 'COCONUTS': [], 'PINA_COLADAS': [], 'BERRIES': [], 'DIVING_GEAR': []} {'COCONUTS': 0, 'BANANAS': 54.00000000000091, 'PINA_COLADAS': 0, 'BERRIES': 0, 'DIVING_GEAR': 0}
20500 {'PEARLS': [], 'BANANAS': [], 'COCONUTS': [], 'PINA_COLADAS': [], 'BERRIES': [], 'DIVING_GEAR': []} {'COCONUTS': 0, 'BANANAS': 54.00000000000091, 'PINA_COLADAS': 0, 'BERRIES': 0, 'DIVING_GEAR': 0}
20600 {'PEARLS': [], 'BANANAS': [], 'COCONUTS': [], 'PINA_COLADAS': [], 'BERRIES': [], 'DIVING_GEAR': []} {'COCONUTS': 0, 'BANANAS': 54.00000000000091, 'PINA_COLADAS': 0, 'BERRIES': 0, 'DIVING_GEAR': 0}
20700 {'PEARLS': [], 'BANANAS': [], 'COCONUTS': [], 'PINA_COLADAS': [], 'BERRIES': [], 'DIVING_GEAR': []} {'COCONUTS': 0, 'BANANAS': 54.00000000000091, 'PINA_COLADAS': 0, 'BERRIES': 0, 'DIVING_GEAR': 0}
20800 {'PEARLS': [], 'BANANAS': [], 'COCONUTS': [], 'PINA_COLADAS': [], 'BERRIES': [], 'DIVING_GEAR': []} {'COCONUTS': 0, 'BANANAS': 54.00000000000091, 'PINA_COLADAS': 0, 'BERRIES': 0, 'DIVING_GEAR': 0}
20900 {'PEARLS': [], 'BANANAS': [], 'COCONUTS': [], 'PINA_COLADAS': [], 'BERRIES': [], 'DIVING_GEAR': []} {'COCONUTS': 0, 'BANANAS': 54.00000000000091, 'PINA_COLADAS': 0, 'BERRIES': 0, 'DIVING_GEAR': 0}
21000 {'PEARLS': [], 'BANANAS': [(BANANAS, 4861.0, 0.0)], 'COCONUTS': [], 'PINA_COLADAS': [], 'BERRIES': [], 'DIVING_GEAR': []} {'COCONUTS': 0, 'BANANAS': 54.00000000000091, 'PINA_COLADAS': 0, 'BERRIES': 0, 'DIVING_GEAR': 0}
21100 {'PEARLS': [], 'BANANAS': [], 'COCONUTS': [], 'PINA_COLADAS': [], 'BERRIES': [], 'DIVING_GEAR': []} {'COCONUTS': 0, 'BANANAS': 54.00000000000091, 'PINA_COLADAS': 0, 'BERRIES': 0, 'DIVING_GEAR': 0}
21200 {'PEARLS': [], 'BANANAS': [(BANANAS, 4865.0, -1.0)], 'COCONUTS': [], 'PINA_COLADAS': [], 'BERRIES': [], 'DIVING_GEAR': []} {'COCONUTS': 0, 'BANANAS': 53.95000000000073, 'PINA_COLADAS': 0, 'BERRIES': 0, 'DIVING_GEAR': 0}
21300 {'PEARLS': [], 'BANANAS': [], 'COCONUTS': [], 'PINA_COLADAS': [], 'BERRIES': [], 'DIVING_GEAR': []} {'COCONUTS': 0, 'BANANAS': 53.95000000000073, 'PINA_COLADAS': 0, 'BERRIES': 0, 'DIVING_GEAR': 0}
21400 {'PEARLS': [], 'BANANAS': [], 'COCONUTS': [], 'PINA_COLADAS': [], 'BERRIES': [], 'DIVING_GEAR': []} {'COCONUTS': 0, 'BANANAS': 53.95000000000073, 'PINA_COLADAS': 0, 'BERRIES': 0, 'DIVING_GEAR': 0}
21500 {'PEARLS': [], 'BANANAS': [], 'COCONUTS': [], 'PINA_COLADAS': [], 'BERRIES': [], 'DIVING_GEAR': []} {'COCONUTS': 0, 'BANANAS': 53.95000000000073, 'PINA_COLADAS': 0, 'BERRIES': 0, 'DIVING_GEAR': 0}
21600 {'PEARLS': [], 'BANANAS': [(BANANAS, 4864.0, -1.0)], 'COCONUTS': [], 'PINA_COLADAS': [], 'BERRIES': [], 'DIVING_GEAR': []} {'COCONUTS': 0, 'BANANAS': 52.900000000000546, 'PINA_COLADAS': 0, 'BERRIES': 0, 'DIVING_GEAR': 0}
21700 {'PEARLS': [], 'BANANAS': [], 'COCONUTS': [], 'PINA_COLADAS': [], 'BERRIES': [], 'DIVING_GEAR': []} {'COCONUTS': 0, 'BANANAS': 52.900000000000546, 'PINA_COLADAS': 0, 'BERRIES': 0, 'DIVING_GEAR': 0}
21800 {'PEARLS': [], 'BANANAS': [], 'COCONUTS': [], 'PINA_COLADAS': [], 'BERRIES': [], 'DIVING_GEAR': []} {'COCONUTS': 0, 'BANANAS': 52.900000000000546, 'PINA_COLADAS': 0, 'BERRIES': 0, 'DIVING_GEAR': 0}
21900 {'PEARLS': [], 'BANANAS': [], 'COCONUTS': [], 'PINA_COLADAS': [], 'BERRIES': [], 'DIVING_GEAR': []} {'COCONUTS': 0, 'BANANAS': 52.900000000000546, 'PINA_COLADAS': 0, 'BERRIES': 0, 'DIVING_GEAR': 0}
22000 {'PEARLS': [], 'BANANAS': [], 'COCONUTS': [], 'PINA_COLADAS': [], 'BERRIES': [], 'DIVING_GEAR': []} {'COCONUTS': 0, 'BANANAS': 52.900000000000546, 'PINA_COLADAS': 0, 'BERRIES': 0, 'DIVING_GEAR': 0}
22100 {'PEARLS': [], 'BANANAS': [(BANANAS, 4865.0, -1.0)], 'COCONUTS': [], 'PINA_COLADAS': [], 'BERRIES': [], 'DIVING_GEAR': []} {'COCONUTS': 0, 'BANANAS': 52.850000000000364, 'PINA_COLADAS': 0, 'BERRIES': 0, 'DIVING_GEAR': 0}
22200 {'PEARLS': [], 'BANANAS': [], 'COCONUTS': [], 'PINA_COLADAS': [], 'BERRIES': [], 'DIVING_GEAR': []} {'COCONUTS': 0, 'BANANAS': 52.850000000000364, 'PINA_COLADAS': 0, 'BERRIES': 0, 'DIVING_GEAR': 0}
22300 {'PEARLS': [], 'BANANAS': [], 'COCONUTS': [], 'PINA_COLADAS': [], 'BERRIES': [], 'DIVING_GEAR': []} {'COCONUTS': 0, 'BANANAS': 52.850000000000364, 'PINA_COLADAS': 0, 'BERRIES': 0, 'DIVING_GEAR': 0}
22400 {'PEARLS': [], 'BANANAS': [], 'COCONUTS': [], 'PINA_COLADAS': [], 'BERRIES': [], 'DIVING_GEAR': []} {'COCONUTS': 0, 'BANANAS': 52.850000000000364, 'PINA_COLADAS': 0, 'BERRIES': 0, 'DIVING_GEAR': 0}
22500 {'PEARLS': [], 'BANANAS': [(BANANAS, 4866.0, -1.0)], 'COCONUTS': [], 'PINA_COLADAS': [], 'BERRIES': [], 'DIVING_GEAR': []} {'COCONUTS': 0, 'BANANAS': 53.80000000000018, 'PINA_COLADAS': 0, 'BERRIES': 0, 'DIVING_GEAR': 0}
22600 {'PEARLS': [], 'BANANAS': [(BANANAS, 4865.0, -1.0)], 'COCONUTS': [], 'PINA_COLADAS': [], 'BERRIES': [], 'DIVING_GEAR': []} {'COCONUTS': 0, 'BANANAS': 53.75, 'PINA_COLADAS': 0, 'BERRIES': 0, 'DIVING_GEAR': 0}
22700 {'PEARLS': [], 'BANANAS': [], 'COCONUTS': [], 'PINA_COLADAS': [], 'BERRIES': [], 'DIVING_GEAR': []} {'COCONUTS': 0, 'BANANAS': 53.75, 'PINA_COLADAS': 0, 'BERRIES': 0, 'DIVING_GEAR': 0}
22800 {'PEARLS': [], 'BANANAS': [], 'COCONUTS': [], 'PINA_COLADAS': [], 'BERRIES': [], 'DIVING_GEAR': []} {'COCONUTS': 0, 'BANANAS': 53.75, 'PINA_COLADAS': 0, 'BERRIES': 0, 'DIVING_GEAR': 0}
22900 {'PEARLS': [], 'BANANAS': [], 'COCONUTS': [], 'PINA_COLADAS': [], 'BERRIES': [], 'DIVING_GEAR': []} {'COCONUTS': 0, 'BANANAS': 53.75, 'PINA_COLADAS': 0, 'BERRIES': 0, 'DIVING_GEAR': 0}
23000 {'PEARLS': [], 'BANANAS': [], 'COCONUTS': [], 'PINA_COLADAS': [], 'BERRIES': [], 'DIVING_GEAR': []} {'COCONUTS': 0, 'BANANAS': 53.75, 'PINA_COLADAS': 0, 'BERRIES': 0, 'DIVING_GEAR': 0}
23100 {'PEARLS': [], 'BANANAS': [], 'COCONUTS': [], 'PINA_COLADAS': [], 'BERRIES': [], 'DIVING_GEAR': []} {'COCONUTS': 0, 'BANANAS': 53.75, 'PINA_COLADAS': 0, 'BERRIES': 0, 'DIVING_GEAR': 0}
23200 {'PEARLS': [], 'BANANAS': [], 'COCONUTS': [], 'PINA_COLADAS': [], 'BERRIES': [], 'DIVING_GEAR': []} {'COCONUTS': 0, 'BANANAS': 53.75, 'PINA_COLADAS': 0, 'BERRIES': 0, 'DIVING_GEAR': 0}
23300 {'PEARLS': [], 'BANANAS': [], 'COCONUTS': [], 'PINA_COLADAS': [], 'BERRIES': [], 'DIVING_GEAR': []} {'COCONUTS': 0, 'BANANAS': 53.75, 'PINA_COLADAS': 0, 'BERRIES': 0, 'DIVING_GEAR': 0}
23400 {'PEARLS': [], 'BANANAS': [], 'COCONUTS': [], 'PINA_COLADAS': [], 'BERRIES': [], 'DIVING_GEAR': []} {'COCONUTS': 0, 'BANANAS': 53.75, 'PINA_COLADAS': 0, 'BERRIES': 0, 'DIVING_GEAR': 0}
23500 {'PEARLS': [], 'BANANAS': [(BANANAS, 4865.0, -1.0)], 'COCONUTS': [], 'PINA_COLADAS': [], 'BERRIES': [], 'DIVING_GEAR': []} {'COCONUTS': 0, 'BANANAS': 53.69999999999982, 'PINA_COLADAS': 0, 'BERRIES': 0, 'DIVING_GEAR': 0}
23600 {'PEARLS': [], 'BANANAS': [], 'COCONUTS': [], 'PINA_COLADAS': [], 'BERRIES': [], 'DIVING_GEAR': []} {'COCONUTS': 0, 'BANANAS': 53.69999999999982, 'PINA_COLADAS': 0, 'BERRIES': 0, 'DIVING_GEAR': 0}
23700 {'PEARLS': [], 'BANANAS': [(BANANAS, 4866.0, -1.0)], 'COCONUTS': [], 'PINA_COLADAS': [], 'BERRIES': [], 'DIVING_GEAR': []} {'COCONUTS': 0, 'BANANAS': 54.649999999999636, 'PINA_COLADAS': 0, 'BERRIES': 0, 'DIVING_GEAR': 0}
23800 {'PEARLS': [], 'BANANAS': [], 'COCONUTS': [], 'PINA_COLADAS': [], 'BERRIES': [], 'DIVING_GEAR': []} {'COCONUTS': 0, 'BANANAS': 54.649999999999636, 'PINA_COLADAS': 0, 'BERRIES': 0, 'DIVING_GEAR': 0}
23900 {'PEARLS': [], 'BANANAS': [], 'COCONUTS': [], 'PINA_COLADAS': [], 'BERRIES': [(BERRIES, 3923.0, 12.0)], 'DIVING_GEAR': []} {'COCONUTS': 0, 'BANANAS': 54.649999999999636, 'PINA_COLADAS': 0, 'BERRIES': 0, 'DIVING_GEAR': 0}
24000 {'PEARLS': [], 'BANANAS': [], 'COCONUTS': [], 'PINA_COLADAS': [], 'BERRIES': [(BERRIES, 3924.0, 8.0)], 'DIVING_GEAR': []} {'COCONUTS': 0, 'BANANAS': 54.649999999999636, 'PINA_COLADAS': 0, 'BERRIES': 0, 'DIVING_GEAR': 0}
24100 {'PEARLS': [], 'BANANAS': [], 'COCONUTS': [], 'PINA_COLADAS': [], 'BERRIES': [(BERRIES, 3924.0, 0.0)], 'DIVING_GEAR': []} {'COCONUTS': 0, 'BANANAS': 54.649999999999636, 'PINA_COLADAS': 0, 'BERRIES': 0, 'DIVING_GEAR': 0}
24200 {'PEARLS': [], 'BANANAS': [], 'COCONUTS': [], 'PINA_COLADAS': [], 'BERRIES': [(BERRIES, 3925.0, 0.0)], 'DIVING_GEAR': []} {'COCONUTS': 0, 'BANANAS': 54.649999999999636, 'PINA_COLADAS': 0, 'BERRIES': 0, 'DIVING_GEAR': 0}
24300 {'PEARLS': [], 'BANANAS': [], 'COCONUTS': [], 'PINA_COLADAS': [], 'BERRIES': [(BERRIES, 3924.0, 0.0)], 'DIVING_GEAR': []} {'COCONUTS': 0, 'BANANAS': 54.649999999999636, 'PINA_COLADAS': 0, 'BERRIES': 0, 'DIVING_GEAR': 0}
24400 {'PEARLS': [], 'BANANAS': [], 'COCONUTS': [], 'PINA_COLADAS': [], 'BERRIES': [(BERRIES, 3924.0, 0.0)], 'DIVING_GEAR': []} {'COCONUTS': 0, 'BANANAS': 54.649999999999636, 'PINA_COLADAS': 0, 'BERRIES': 0, 'DIVING_GEAR': 0}
24500 {'PEARLS': [], 'BANANAS': [], 'COCONUTS': [], 'PINA_COLADAS': [], 'BERRIES': [(BERRIES, 3923.0, 0.0)], 'DIVING_GEAR': []} {'COCONUTS': 0, 'BANANAS': 54.649999999999636, 'PINA_COLADAS': 0, 'BERRIES': 0, 'DIVING_GEAR': 0}
24600 {'PEARLS': [], 'BANANAS': [(BANANAS, 4864.0, 2.0)], 'COCONUTS': [], 'PINA_COLADAS': [], 'BERRIES': [(BERRIES, 3919.0, 0.0)], 'DIVING_GEAR': []} {'COCONUTS': 0, 'BANANAS': 54.649999999999636, 'PINA_COLADAS': 0, 'BERRIES': 0, 'DIVING_GEAR': 0}
24700 {'PEARLS': [], 'BANANAS': [], 'COCONUTS': [], 'PINA_COLADAS': [], 'BERRIES': [(BERRIES, 3924.0, 0.0)], 'DIVING_GEAR': []} {'COCONUTS': 0, 'BANANAS': 54.649999999999636, 'PINA_COLADAS': 0, 'BERRIES': 0, 'DIVING_GEAR': 0}
24800 {'PEARLS': [], 'BANANAS': [], 'COCONUTS': [], 'PINA_COLADAS': [], 'BERRIES': [(BERRIES, 3924.0, 0.0)], 'DIVING_GEAR': []} {'COCONUTS': 0, 'BANANAS': 54.649999999999636, 'PINA_COLADAS': 0, 'BERRIES': 0, 'DIVING_GEAR': 0}
24900 {'PEARLS': [], 'BANANAS': [], 'COCONUTS': [], 'PINA_COLADAS': [], 'BERRIES': [(BERRIES, 3923.0, 0.0)], 'DIVING_GEAR': []} {'COCONUTS': 0, 'BANANAS': 54.649999999999636, 'PINA_COLADAS': 0, 'BERRIES': 0, 'DIVING_GEAR': 0}
25000 {'PEARLS': [], 'BANANAS': [], 'COCONUTS': [], 'PINA_COLADAS': [], 'BERRIES': [(BERRIES, 3923.0, 0.0)], 'DIVING_GEAR': []} {'COCONUTS': 0, 'BANANAS': 54.649999999999636, 'PINA_COLADAS': 0, 'BERRIES': 0, 'DIVING_GEAR': 0}
25100 {'PEARLS': [], 'BANANAS': [(BANANAS, 4867.0, -1.0)], 'COCONUTS': [], 'PINA_COLADAS': [], 'BERRIES': [(BERRIES, 3923.0, 0.0)], 'DIVING_GEAR': []} {'COCONUTS': 0, 'BANANAS': 56.73999999999978, 'PINA_COLADAS': 0, 'BERRIES': 0, 'DIVING_GEAR': 0}
25200 {'PEARLS': [], 'BANANAS': [], 'COCONUTS': [], 'PINA_COLADAS': [], 'BERRIES': [(BERRIES, 3924.0, 0.0)], 'DIVING_GEAR': []} {'COCONUTS': 0, 'BANANAS': 56.73999999999978, 'PINA_COLADAS': 0, 'BERRIES': 0, 'DIVING_GEAR': 0}
25300 {'PEARLS': [], 'BANANAS': [], 'COCONUTS': [], 'PINA_COLADAS': [], 'BERRIES': [(BERRIES, 3924.0, 0.0)], 'DIVING_GEAR': []} {'COCONUTS': 0, 'BANANAS': 56.73999999999978, 'PINA_COLADAS': 0, 'BERRIES': 0, 'DIVING_GEAR': 0}
25400 {'PEARLS': [], 'BANANAS': [], 'COCONUTS': [], 'PINA_COLADAS': [], 'BERRIES': [(BERRIES, 3924.0, 0.0)], 'DIVING_GEAR': []} {'COCONUTS': 0, 'BANANAS': 56.73999999999978, 'PINA_COLADAS': 0, 'BERRIES': 0, 'DIVING_GEAR': 0}
25500 {'PEARLS': [], 'BANANAS': [], 'COCONUTS': [], 'PINA_COLADAS': [], 'BERRIES': [(BERRIES, 3924.0, 0.0)], 'DIVING_GEAR': []} {'COCONUTS': 0, 'BANANAS': 56.73999999999978, 'PINA_COLADAS': 0, 'BERRIES': 0, 'DIVING_GEAR': 0}
25600 {'PEARLS': [], 'BANANAS': [], 'COCONUTS': [], 'PINA_COLADAS': [], 'BERRIES': [(BERRIES, 3925.0, 0.0)], 'DIVING_GEAR': []} {'COCONUTS': 0, 'BANANAS': 56.73999999999978, 'PINA_COLADAS': 0, 'BERRIES': 0, 'DIVING_GEAR': 0}
25700 {'PEARLS': [], 'BANANAS': [], 'COCONUTS': [], 'PINA_COLADAS': [], 'BERRIES': [(BERRIES, 3924.0, 0.0)], 'DIVING_GEAR': []} {'COCONUTS': 0, 'BANANAS': 56.73999999999978, 'PINA_COLADAS': 0, 'BERRIES': 0, 'DIVING_GEAR': 0}
25800 {'PEARLS': [], 'BANANAS': [], 'COCONUTS': [], 'PINA_COLADAS': [], 'BERRIES': [(BERRIES, 3924.0, 0.0)], 'DIVING_GEAR': []} {'COCONUTS': 0, 'BANANAS': 56.73999999999978, 'PINA_COLADAS': 0, 'BERRIES': 0, 'DIVING_GEAR': 0}
25900 {'PEARLS': [], 'BANANAS': [], 'COCONUTS': [], 'PINA_COLADAS': [], 'BERRIES': [(BERRIES, 3924.0, 0.0)], 'DIVING_GEAR': []} {'COCONUTS': 0, 'BANANAS': 56.73999999999978, 'PINA_COLADAS': 0, 'BERRIES': 0, 'DIVING_GEAR': 0}
26000 {'PEARLS': [], 'BANANAS': [(BANANAS, 4870.0, -1.0)], 'COCONUTS': [], 'PINA_COLADAS': [], 'BERRIES': [(BERRIES, 3924.0, 0.0)], 'DIVING_GEAR': []} {'COCONUTS': 0, 'BANANAS': 61.82999999999993, 'PINA_COLADAS': 0, 'BERRIES': 0, 'DIVING_GEAR': 0}
26100 {'PEARLS': [], 'BANANAS': [(BANANAS, 4870.0, -1.0)], 'COCONUTS': [], 'PINA_COLADAS': [], 'BERRIES': [(BERRIES, 3924.0, 0.0)], 'DIVING_GEAR': []} {'COCONUTS': 0, 'BANANAS': 66.92000000000007, 'PINA_COLADAS': 0, 'BERRIES': 0, 'DIVING_GEAR': 0}
26200 {'PEARLS': [], 'BANANAS': [], 'COCONUTS': [], 'PINA_COLADAS': [], 'BERRIES': [(BERRIES, 3924.0, 0.0)], 'DIVING_GEAR': []} {'COCONUTS': 0, 'BANANAS': 66.92000000000007, 'PINA_COLADAS': 0, 'BERRIES': 0, 'DIVING_GEAR': 0}
26300 {'PEARLS': [], 'BANANAS': [], 'COCONUTS': [], 'PINA_COLADAS': [], 'BERRIES': [(BERRIES, 3923.0, 0.0)], 'DIVING_GEAR': []} {'COCONUTS': 0, 'BANANAS': 66.92000000000007, 'PINA_COLADAS': 0, 'BERRIES': 0, 'DIVING_GEAR': 0}
26400 {'PEARLS': [], 'BANANAS': [], 'COCONUTS': [], 'PINA_COLADAS': [], 'BERRIES': [(BERRIES, 3924.0, 0.0)], 'DIVING_GEAR': []} {'COCONUTS': 0, 'BANANAS': 66.92000000000007, 'PINA_COLADAS': 0, 'BERRIES': 0, 'DIVING_GEAR': 0}
26500 {'PEARLS': [], 'BANANAS': [], 'COCONUTS': [], 'PINA_COLADAS': [], 'BERRIES': [(BERRIES, 3925.0, 0.0)], 'DIVING_GEAR': []} {'COCONUTS': 0, 'BANANAS': 66.92000000000007, 'PINA_COLADAS': 0, 'BERRIES': 0, 'DIVING_GEAR': 0}
26600 {'PEARLS': [], 'BANANAS': [], 'COCONUTS': [], 'PINA_COLADAS': [], 'BERRIES': [(BERRIES, 3924.0, 0.0)], 'DIVING_GEAR': []} {'COCONUTS': 0, 'BANANAS': 66.92000000000007, 'PINA_COLADAS': 0, 'BERRIES': 0, 'DIVING_GEAR': 0}
26700 {'PEARLS': [], 'BANANAS': [(BANANAS, 4872.0, -1.0)], 'COCONUTS': [], 'PINA_COLADAS': [], 'BERRIES': [(BERRIES, 3920.0, 0.0)], 'DIVING_GEAR': []} {'COCONUTS': 0, 'BANANAS': 74.01000000000022, 'PINA_COLADAS': 0, 'BERRIES': 0, 'DIVING_GEAR': 0}
26800 {'PEARLS': [], 'BANANAS': [], 'COCONUTS': [], 'PINA_COLADAS': [], 'BERRIES': [(BERRIES, 3924.0, 0.0)], 'DIVING_GEAR': []} {'COCONUTS': 0, 'BANANAS': 74.01000000000022, 'PINA_COLADAS': 0, 'BERRIES': 0, 'DIVING_GEAR': 0}
26900 {'PEARLS': [], 'BANANAS': [], 'COCONUTS': [], 'PINA_COLADAS': [], 'BERRIES': [(BERRIES, 3924.0, 0.0)], 'DIVING_GEAR': []} {'COCONUTS': 0, 'BANANAS': 74.01000000000022, 'PINA_COLADAS': 0, 'BERRIES': 0, 'DIVING_GEAR': 0}
27000 {'PEARLS': [], 'BANANAS': [(BANANAS, 4869.0, 5.0)], 'COCONUTS': [], 'PINA_COLADAS': [], 'BERRIES': [(BERRIES, 3924.0, 0.0)], 'DIVING_GEAR': []} {'COCONUTS': 0, 'BANANAS': 74.01000000000022, 'PINA_COLADAS': 0, 'BERRIES': 0, 'DIVING_GEAR': 0}
27100 {'PEARLS': [], 'BANANAS': [], 'COCONUTS': [], 'PINA_COLADAS': [], 'BERRIES': [(BERRIES, 3924.0, 0.0)], 'DIVING_GEAR': []} {'COCONUTS': 0, 'BANANAS': 74.01000000000022, 'PINA_COLADAS': 0, 'BERRIES': 0, 'DIVING_GEAR': 0}
27200 {'PEARLS': [], 'BANANAS': [(BANANAS, 4871.0, -1.0)], 'COCONUTS': [], 'PINA_COLADAS': [], 'BERRIES': [(BERRIES, 3923.0, 0.0)], 'DIVING_GEAR': []} {'COCONUTS': 0, 'BANANAS': 78.82187500000055, 'PINA_COLADAS': 0, 'BERRIES': 0, 'DIVING_GEAR': 0}
27300 {'PEARLS': [], 'BANANAS': [], 'COCONUTS': [], 'PINA_COLADAS': [], 'BERRIES': [(BERRIES, 3923.0, 0.0)], 'DIVING_GEAR': []} {'COCONUTS': 0, 'BANANAS': 78.82187500000055, 'PINA_COLADAS': 0, 'BERRIES': 0, 'DIVING_GEAR': 0}
27400 {'PEARLS': [], 'BANANAS': [], 'COCONUTS': [], 'PINA_COLADAS': [], 'BERRIES': [(BERRIES, 3924.0, 0.0)], 'DIVING_GEAR': []} {'COCONUTS': 0, 'BANANAS': 78.82187500000055, 'PINA_COLADAS': 0, 'BERRIES': 0, 'DIVING_GEAR': 0}
27500 {'PEARLS': [], 'BANANAS': [], 'COCONUTS': [], 'PINA_COLADAS': [], 'BERRIES': [(BERRIES, 3923.0, 0.0)], 'DIVING_GEAR': []} {'COCONUTS': 0, 'BANANAS': 78.82187500000055, 'PINA_COLADAS': 0, 'BERRIES': 0, 'DIVING_GEAR': 0}
27600 {'PEARLS': [], 'BANANAS': [], 'COCONUTS': [], 'PINA_COLADAS': [], 'BERRIES': [(BERRIES, 3923.0, 0.0)], 'DIVING_GEAR': []} {'COCONUTS': 0, 'BANANAS': 78.82187500000055, 'PINA_COLADAS': 0, 'BERRIES': 0, 'DIVING_GEAR': 0}
27700 {'PEARLS': [], 'BANANAS': [], 'COCONUTS': [], 'PINA_COLADAS': [], 'BERRIES': [(BERRIES, 3923.0, 0.0)], 'DIVING_GEAR': []} {'COCONUTS': 0, 'BANANAS': 78.82187500000055, 'PINA_COLADAS': 0, 'BERRIES': 0, 'DIVING_GEAR': 0}
27800 {'PEARLS': [], 'BANANAS': [], 'COCONUTS': [], 'PINA_COLADAS': [], 'BERRIES': [(BERRIES, 3924.0, 0.0)], 'DIVING_GEAR': []} {'COCONUTS': 0, 'BANANAS': 78.82187500000055, 'PINA_COLADAS': 0, 'BERRIES': 0, 'DIVING_GEAR': 0}
27900 {'PEARLS': [], 'BANANAS': [], 'COCONUTS': [], 'PINA_COLADAS': [], 'BERRIES': [(BERRIES, 3924.0, 0.0)], 'DIVING_GEAR': []} {'COCONUTS': 0, 'BANANAS': 78.82187500000055, 'PINA_COLADAS': 0, 'BERRIES': 0, 'DIVING_GEAR': 0}
28000 {'PEARLS': [], 'BANANAS': [], 'COCONUTS': [], 'PINA_COLADAS': [], 'BERRIES': [(BERRIES, 3924.0, 0.0)], 'DIVING_GEAR': []} {'COCONUTS': 0, 'BANANAS': 78.82187500000055, 'PINA_COLADAS': 0, 'BERRIES': 0, 'DIVING_GEAR': 0}
28100 {'PEARLS': [], 'BANANAS': [], 'COCONUTS': [], 'PINA_COLADAS': [], 'BERRIES': [(BERRIES, 3923.0, 0.0)], 'DIVING_GEAR': []} {'COCONUTS': 0, 'BANANAS': 78.82187500000055, 'PINA_COLADAS': 0, 'BERRIES': 0, 'DIVING_GEAR': 0}
28200 {'PEARLS': [], 'BANANAS': [], 'COCONUTS': [], 'PINA_COLADAS': [], 'BERRIES': [(BERRIES, 3923.0, 0.0)], 'DIVING_GEAR': []} {'COCONUTS': 0, 'BANANAS': 78.82187500000055, 'PINA_COLADAS': 0, 'BERRIES': 0, 'DIVING_GEAR': 0}
28300 {'PEARLS': [], 'BANANAS': [], 'COCONUTS': [], 'PINA_COLADAS': [], 'BERRIES': [(BERRIES, 3923.0, 0.0)], 'DIVING_GEAR': []} {'COCONUTS': 0, 'BANANAS': 78.82187500000055, 'PINA_COLADAS': 0, 'BERRIES': 0, 'DIVING_GEAR': 0}
28400 {'PEARLS': [], 'BANANAS': [], 'COCONUTS': [], 'PINA_COLADAS': [], 'BERRIES': [(BERRIES, 3924.0, 0.0)], 'DIVING_GEAR': []} {'COCONUTS': 0, 'BANANAS': 78.82187500000055, 'PINA_COLADAS': 0, 'BERRIES': 0, 'DIVING_GEAR': 0}
28500 {'PEARLS': [], 'BANANAS': [], 'COCONUTS': [], 'PINA_COLADAS': [], 'BERRIES': [(BERRIES, 3925.0, 0.0)], 'DIVING_GEAR': []} {'COCONUTS': 0, 'BANANAS': 78.82187500000055, 'PINA_COLADAS': 0, 'BERRIES': 0, 'DIVING_GEAR': 0}
28600 {'PEARLS': [], 'BANANAS': [], 'COCONUTS': [], 'PINA_COLADAS': [], 'BERRIES': [(BERRIES, 3925.0, 0.0)], 'DIVING_GEAR': []} {'COCONUTS': 0, 'BANANAS': 78.82187500000055, 'PINA_COLADAS': 0, 'BERRIES': 0, 'DIVING_GEAR': 0}
28700 {'PEARLS': [], 'BANANAS': [], 'COCONUTS': [], 'PINA_COLADAS': [], 'BERRIES': [(BERRIES, 3925.0, 0.0)], 'DIVING_GEAR': []} {'COCONUTS': 0, 'BANANAS': 78.82187500000055, 'PINA_COLADAS': 0, 'BERRIES': 0, 'DIVING_GEAR': 0}
28800 {'PEARLS': [], 'BANANAS': [], 'COCONUTS': [], 'PINA_COLADAS': [], 'BERRIES': [(BERRIES, 3925.0, 0.0)], 'DIVING_GEAR': []} {'COCONUTS': 0, 'BANANAS': 78.82187500000055, 'PINA_COLADAS': 0, 'BERRIES': 0, 'DIVING_GEAR': 0}
28900 {'PEARLS': [], 'BANANAS': [], 'COCONUTS': [], 'PINA_COLADAS': [], 'BERRIES': [(BERRIES, 3925.0, 0.0)], 'DIVING_GEAR': []} {'COCONUTS': 0, 'BANANAS': 78.82187500000055, 'PINA_COLADAS': 0, 'BERRIES': 0, 'DIVING_GEAR': 0}
29000 {'PEARLS': [], 'BANANAS': [], 'COCONUTS': [], 'PINA_COLADAS': [], 'BERRIES': [(BERRIES, 3925.0, 0.0)], 'DIVING_GEAR': []} {'COCONUTS': 0, 'BANANAS': 78.82187500000055, 'PINA_COLADAS': 0, 'BERRIES': 0, 'DIVING_GEAR': 0}
29100 {'PEARLS': [], 'BANANAS': [], 'COCONUTS': [], 'PINA_COLADAS': [], 'BERRIES': [(BERRIES, 3926.0, 0.0)], 'DIVING_GEAR': []} {'COCONUTS': 0, 'BANANAS': 78.82187500000055, 'PINA_COLADAS': 0, 'BERRIES': 0, 'DIVING_GEAR': 0}
29200 {'PEARLS': [], 'BANANAS': [], 'COCONUTS': [], 'PINA_COLADAS': [], 'BERRIES': [(BERRIES, 3926.0, 0.0)], 'DIVING_GEAR': []} {'COCONUTS': 0, 'BANANAS': 78.82187500000055, 'PINA_COLADAS': 0, 'BERRIES': 0, 'DIVING_GEAR': 0}
29300 {'PEARLS': [], 'BANANAS': [(BANANAS, 4871.0, -1.0)], 'COCONUTS': [], 'PINA_COLADAS': [], 'BERRIES': [(BERRIES, 3926.0, 0.0)], 'DIVING_GEAR': []} {'COCONUTS': 0, 'BANANAS': 83.63375000000087, 'PINA_COLADAS': 0, 'BERRIES': 0, 'DIVING_GEAR': 0}
29400 {'PEARLS': [], 'BANANAS': [], 'COCONUTS': [], 'PINA_COLADAS': [], 'BERRIES': [(BERRIES, 3927.0, 0.0)], 'DIVING_GEAR': []} {'COCONUTS': 0, 'BANANAS': 83.63375000000087, 'PINA_COLADAS': 0, 'BERRIES': 0, 'DIVING_GEAR': 0}
29500 {'PEARLS': [], 'BANANAS': [], 'COCONUTS': [], 'PINA_COLADAS': [], 'BERRIES': [(BERRIES, 3928.0, 0.0)], 'DIVING_GEAR': []} {'COCONUTS': 0, 'BANANAS': 83.63375000000087, 'PINA_COLADAS': 0, 'BERRIES': 0, 'DIVING_GEAR': 0}
29600 {'PEARLS': [], 'BANANAS': [], 'COCONUTS': [], 'PINA_COLADAS': [], 'BERRIES': [(BERRIES, 3928.0, 0.0)], 'DIVING_GEAR': []} {'COCONUTS': 0, 'BANANAS': 83.63375000000087, 'PINA_COLADAS': 0, 'BERRIES': 0, 'DIVING_GEAR': 0}
29700 {'PEARLS': [], 'BANANAS': [], 'COCONUTS': [], 'PINA_COLADAS': [], 'BERRIES': [(BERRIES, 3928.0, 0.0)], 'DIVING_GEAR': []} {'COCONUTS': 0, 'BANANAS': 83.63375000000087, 'PINA_COLADAS': 0, 'BERRIES': 0, 'DIVING_GEAR': 0}
29800 {'PEARLS': [], 'BANANAS': [(BANANAS, 4871.0, -1.0)], 'COCONUTS': [], 'PINA_COLADAS': [], 'BERRIES': [(BERRIES, 3928.0, 0.0)], 'DIVING_GEAR': []} {'COCONUTS': 0, 'BANANAS': 88.4456250000012, 'PINA_COLADAS': 0, 'BERRIES': 0, 'DIVING_GEAR': 0}
29900 {'PEARLS': [], 'BANANAS': [], 'COCONUTS': [], 'PINA_COLADAS': [], 'BERRIES': [(BERRIES, 3929.0, 0.0)], 'DIVING_GEAR': []} {'COCONUTS': 0, 'BANANAS': 88.4456250000012, 'PINA_COLADAS': 0, 'BERRIES': 0, 'DIVING_GEAR': 0}
30000 {'PEARLS': [], 'BANANAS': [], 'COCONUTS': [], 'PINA_COLADAS': [], 'BERRIES': [(BERRIES, 3928.0, 0.0)], 'DIVING_GEAR': []} {'COCONUTS': 0, 'BANANAS': 88.4456250000012, 'PINA_COLADAS': 0, 'BERRIES': 0, 'DIVING_GEAR': 0}
30100 {'PEARLS': [], 'BANANAS': [], 'COCONUTS': [], 'PINA_COLADAS': [], 'BERRIES': [(BERRIES, 3928.0, 0.0)], 'DIVING_GEAR': []} {'COCONUTS': 0, 'BANANAS': 88.4456250000012, 'PINA_COLADAS': 0, 'BERRIES': 0, 'DIVING_GEAR': 0}
30200 {'PEARLS': [], 'BANANAS': [(BANANAS, 4867.0, 2.0)], 'COCONUTS': [], 'PINA_COLADAS': [], 'BERRIES': [(BERRIES, 3929.0, 0.0)], 'DIVING_GEAR': []} {'COCONUTS': 0, 'BANANAS': 88.4456250000012, 'PINA_COLADAS': 0, 'BERRIES': 0, 'DIVING_GEAR': 0}
30300 {'PEARLS': [], 'BANANAS': [], 'COCONUTS': [], 'PINA_COLADAS': [], 'BERRIES': [(BERRIES, 3929.0, 0.0)], 'DIVING_GEAR': []} {'COCONUTS': 0, 'BANANAS': 88.4456250000012, 'PINA_COLADAS': 0, 'BERRIES': 0, 'DIVING_GEAR': 0}
30400 {'PEARLS': [], 'BANANAS': [], 'COCONUTS': [], 'PINA_COLADAS': [], 'BERRIES': [(BERRIES, 3929.0, 0.0)], 'DIVING_GEAR': []} {'COCONUTS': 0, 'BANANAS': 88.4456250000012, 'PINA_COLADAS': 0, 'BERRIES': 0, 'DIVING_GEAR': 0}
30500 {'PEARLS': [], 'BANANAS': [], 'COCONUTS': [], 'PINA_COLADAS': [], 'BERRIES': [(BERRIES, 3928.0, 0.0)], 'DIVING_GEAR': []} {'COCONUTS': 0, 'BANANAS': 88.4456250000012, 'PINA_COLADAS': 0, 'BERRIES': 0, 'DIVING_GEAR': 0}
30600 {'PEARLS': [], 'BANANAS': [], 'COCONUTS': [], 'PINA_COLADAS': [], 'BERRIES': [(BERRIES, 3923.0, 0.0)], 'DIVING_GEAR': []} {'COCONUTS': 0, 'BANANAS': 88.4456250000012, 'PINA_COLADAS': 0, 'BERRIES': 0, 'DIVING_GEAR': 0}
30700 {'PEARLS': [], 'BANANAS': [], 'COCONUTS': [], 'PINA_COLADAS': [], 'BERRIES': [(BERRIES, 3927.0, 0.0)], 'DIVING_GEAR': []} {'COCONUTS': 0, 'BANANAS': 88.4456250000012, 'PINA_COLADAS': 0, 'BERRIES': 0, 'DIVING_GEAR': 0}
30800 {'PEARLS': [], 'BANANAS': [], 'COCONUTS': [], 'PINA_COLADAS': [], 'BERRIES': [(BERRIES, 3928.0, 0.0)], 'DIVING_GEAR': []} {'COCONUTS': 0, 'BANANAS': 88.4456250000012, 'PINA_COLADAS': 0, 'BERRIES': 0, 'DIVING_GEAR': 0}
30900 {'PEARLS': [], 'BANANAS': [], 'COCONUTS': [], 'PINA_COLADAS': [], 'BERRIES': [(BERRIES, 3928.0, 0.0)], 'DIVING_GEAR': []} {'COCONUTS': 0, 'BANANAS': 88.4456250000012, 'PINA_COLADAS': 0, 'BERRIES': 0, 'DIVING_GEAR': 0}
31000 {'PEARLS': [], 'BANANAS': [], 'COCONUTS': [], 'PINA_COLADAS': [], 'BERRIES': [(BERRIES, 3928.0, 0.0)], 'DIVING_GEAR': []} {'COCONUTS': 0, 'BANANAS': 88.4456250000012, 'PINA_COLADAS': 0, 'BERRIES': 0, 'DIVING_GEAR': 0}
31100 {'PEARLS': [], 'BANANAS': [(BANANAS, 4871.0, -1.0)], 'COCONUTS': [], 'PINA_COLADAS': [], 'BERRIES': [(BERRIES, 3928.0, 0.0)], 'DIVING_GEAR': []} {'COCONUTS': 0, 'BANANAS': 93.1492500000013, 'PINA_COLADAS': 0, 'BERRIES': 0, 'DIVING_GEAR': 0}
31200 {'PEARLS': [], 'BANANAS': [], 'COCONUTS': [], 'PINA_COLADAS': [], 'BERRIES': [(BERRIES, 3928.0, 0.0)], 'DIVING_GEAR': []} {'COCONUTS': 0, 'BANANAS': 93.1492500000013, 'PINA_COLADAS': 0, 'BERRIES': 0, 'DIVING_GEAR': 0}
31300 {'PEARLS': [], 'BANANAS': [], 'COCONUTS': [], 'PINA_COLADAS': [], 'BERRIES': [(BERRIES, 3928.0, 0.0)], 'DIVING_GEAR': []} {'COCONUTS': 0, 'BANANAS': 93.1492500000013, 'PINA_COLADAS': 0, 'BERRIES': 0, 'DIVING_GEAR': 0}
31400 {'PEARLS': [], 'BANANAS': [], 'COCONUTS': [], 'PINA_COLADAS': [], 'BERRIES': [(BERRIES, 3929.0, 0.0)], 'DIVING_GEAR': []} {'COCONUTS': 0, 'BANANAS': 93.1492500000013, 'PINA_COLADAS': 0, 'BERRIES': 0, 'DIVING_GEAR': 0}
31500 {'PEARLS': [], 'BANANAS': [], 'COCONUTS': [], 'PINA_COLADAS': [], 'BERRIES': [(BERRIES, 3929.0, 0.0)], 'DIVING_GEAR': []} {'COCONUTS': 0, 'BANANAS': 93.1492500000013, 'PINA_COLADAS': 0, 'BERRIES': 0, 'DIVING_GEAR': 0}
31600 {'PEARLS': [], 'BANANAS': [], 'COCONUTS': [], 'PINA_COLADAS': [], 'BERRIES': [(BERRIES, 3928.0, 0.0)], 'DIVING_GEAR': []} {'COCONUTS': 0, 'BANANAS': 93.1492500000013, 'PINA_COLADAS': 0, 'BERRIES': 0, 'DIVING_GEAR': 0}
31700 {'PEARLS': [], 'BANANAS': [], 'COCONUTS': [], 'PINA_COLADAS': [], 'BERRIES': [(BERRIES, 3929.0, 0.0)], 'DIVING_GEAR': []} {'COCONUTS': 0, 'BANANAS': 93.1492500000013, 'PINA_COLADAS': 0, 'BERRIES': 0, 'DIVING_GEAR': 0}
31800 {'PEARLS': [], 'BANANAS': [], 'COCONUTS': [], 'PINA_COLADAS': [], 'BERRIES': [(BERRIES, 3930.0, 0.0)], 'DIVING_GEAR': []} {'COCONUTS': 0, 'BANANAS': 93.1492500000013, 'PINA_COLADAS': 0, 'BERRIES': 0, 'DIVING_GEAR': 0}
31900 {'PEARLS': [], 'BANANAS': [], 'COCONUTS': [], 'PINA_COLADAS': [], 'BERRIES': [(BERRIES, 3929.0, 0.0)], 'DIVING_GEAR': []} {'COCONUTS': 0, 'BANANAS': 93.1492500000013, 'PINA_COLADAS': 0, 'BERRIES': 0, 'DIVING_GEAR': 0}
32000 {'PEARLS': [], 'BANANAS': [], 'COCONUTS': [], 'PINA_COLADAS': [], 'BERRIES': [(BERRIES, 3929.0, 0.0)], 'DIVING_GEAR': []} {'COCONUTS': 0, 'BANANAS': 93.1492500000013, 'PINA_COLADAS': 0, 'BERRIES': 0, 'DIVING_GEAR': 0}
32100 {'PEARLS': [], 'BANANAS': [], 'COCONUTS': [], 'PINA_COLADAS': [], 'BERRIES': [(BERRIES, 3929.0, 0.0)], 'DIVING_GEAR': []} {'COCONUTS': 0, 'BANANAS': 93.1492500000013, 'PINA_COLADAS': 0, 'BERRIES': 0, 'DIVING_GEAR': 0}
32200 {'PEARLS': [], 'BANANAS': [], 'COCONUTS': [], 'PINA_COLADAS': [], 'BERRIES': [(BERRIES, 3929.0, 0.0)], 'DIVING_GEAR': []} {'COCONUTS': 0, 'BANANAS': 93.1492500000013, 'PINA_COLADAS': 0, 'BERRIES': 0, 'DIVING_GEAR': 0}
32300 {'PEARLS': [], 'BANANAS': [], 'COCONUTS': [], 'PINA_COLADAS': [], 'BERRIES': [(BERRIES, 3929.0, 0.0)], 'DIVING_GEAR': []} {'COCONUTS': 0, 'BANANAS': 93.1492500000013, 'PINA_COLADAS': 0, 'BERRIES': 0, 'DIVING_GEAR': 0}
32400 {'PEARLS': [], 'BANANAS': [], 'COCONUTS': [], 'PINA_COLADAS': [], 'BERRIES': [(BERRIES, 3929.0, 0.0)], 'DIVING_GEAR': []} {'COCONUTS': 0, 'BANANAS': 93.1492500000013, 'PINA_COLADAS': 0, 'BERRIES': 0, 'DIVING_GEAR': 0}
32500 {'PEARLS': [], 'BANANAS': [], 'COCONUTS': [], 'PINA_COLADAS': [], 'BERRIES': [(BERRIES, 3929.0, 0.0)], 'DIVING_GEAR': []} {'COCONUTS': 0, 'BANANAS': 93.1492500000013, 'PINA_COLADAS': 0, 'BERRIES': 0, 'DIVING_GEAR': 0}
32600 {'PEARLS': [], 'BANANAS': [], 'COCONUTS': [], 'PINA_COLADAS': [], 'BERRIES': [(BERRIES, 3929.0, 0.0)], 'DIVING_GEAR': []} {'COCONUTS': 0, 'BANANAS': 93.1492500000013, 'PINA_COLADAS': 0, 'BERRIES': 0, 'DIVING_GEAR': 0}
32700 {'PEARLS': [], 'BANANAS': [], 'COCONUTS': [], 'PINA_COLADAS': [], 'BERRIES': [(BERRIES, 3928.0, 0.0)], 'DIVING_GEAR': []} {'COCONUTS': 0, 'BANANAS': 93.1492500000013, 'PINA_COLADAS': 0, 'BERRIES': 0, 'DIVING_GEAR': 0}
32800 {'PEARLS': [], 'BANANAS': [], 'COCONUTS': [], 'PINA_COLADAS': [], 'BERRIES': [(BERRIES, 3928.0, 0.0)], 'DIVING_GEAR': []} {'COCONUTS': 0, 'BANANAS': 93.1492500000013, 'PINA_COLADAS': 0, 'BERRIES': 0, 'DIVING_GEAR': 0}
32900 {'PEARLS': [], 'BANANAS': [], 'COCONUTS': [], 'PINA_COLADAS': [], 'BERRIES': [(BERRIES, 3928.0, 0.0)], 'DIVING_GEAR': []} {'COCONUTS': 0, 'BANANAS': 93.1492500000013, 'PINA_COLADAS': 0, 'BERRIES': 0, 'DIVING_GEAR': 0}
33000 {'PEARLS': [], 'BANANAS': [], 'COCONUTS': [], 'PINA_COLADAS': [], 'BERRIES': [(BERRIES, 3929.0, 0.0)], 'DIVING_GEAR': []} {'COCONUTS': 0, 'BANANAS': 93.1492500000013, 'PINA_COLADAS': 0, 'BERRIES': 0, 'DIVING_GEAR': 0}
33100 {'PEARLS': [], 'BANANAS': [], 'COCONUTS': [], 'PINA_COLADAS': [], 'BERRIES': [(BERRIES, 3924.0, 0.0)], 'DIVING_GEAR': []} {'COCONUTS': 0, 'BANANAS': 93.1492500000013, 'PINA_COLADAS': 0, 'BERRIES': 0, 'DIVING_GEAR': 0}
33200 {'PEARLS': [], 'BANANAS': [(BANANAS, 4871.0, -1.0)], 'COCONUTS': [], 'PINA_COLADAS': [], 'BERRIES': [(BERRIES, 3928.0, 0.0)], 'DIVING_GEAR': []} {'COCONUTS': 0, 'BANANAS': 97.8528750000014, 'PINA_COLADAS': 0, 'BERRIES': 0, 'DIVING_GEAR': 0}
33300 {'PEARLS': [], 'BANANAS': [], 'COCONUTS': [], 'PINA_COLADAS': [], 'BERRIES': [(BERRIES, 3928.0, 0.0)], 'DIVING_GEAR': []} {'COCONUTS': 0, 'BANANAS': 97.8528750000014, 'PINA_COLADAS': 0, 'BERRIES': 0, 'DIVING_GEAR': 0}
33400 {'PEARLS': [], 'BANANAS': [], 'COCONUTS': [], 'PINA_COLADAS': [], 'BERRIES': [(BERRIES, 3923.0, 0.0)], 'DIVING_GEAR': []} {'COCONUTS': 0, 'BANANAS': 97.8528750000014, 'PINA_COLADAS': 0, 'BERRIES': 0, 'DIVING_GEAR': 0}
33500 {'PEARLS': [], 'BANANAS': [], 'COCONUTS': [], 'PINA_COLADAS': [], 'BERRIES': [(BERRIES, 3928.0, 0.0)], 'DIVING_GEAR': []} {'COCONUTS': 0, 'BANANAS': 97.8528750000014, 'PINA_COLADAS': 0, 'BERRIES': 0, 'DIVING_GEAR': 0}
33600 {'PEARLS': [], 'BANANAS': [], 'COCONUTS': [], 'PINA_COLADAS': [], 'BERRIES': [(BERRIES, 3928.0, 0.0)], 'DIVING_GEAR': []} {'COCONUTS': 0, 'BANANAS': 97.8528750000014, 'PINA_COLADAS': 0, 'BERRIES': 0, 'DIVING_GEAR': 0}
33700 {'PEARLS': [], 'BANANAS': [], 'COCONUTS': [], 'PINA_COLADAS': [], 'BERRIES': [(BERRIES, 3922.0, 0.0)], 'DIVING_GEAR': []} {'COCONUTS': 0, 'BANANAS': 97.8528750000014, 'PINA_COLADAS': 0, 'BERRIES': 0, 'DIVING_GEAR': 0}
33800 {'PEARLS': [], 'BANANAS': [], 'COCONUTS': [], 'PINA_COLADAS': [], 'BERRIES': [(BERRIES, 3926.0, 0.0)], 'DIVING_GEAR': []} {'COCONUTS': 0, 'BANANAS': 97.8528750000014, 'PINA_COLADAS': 0, 'BERRIES': 0, 'DIVING_GEAR': 0}
33900 {'PEARLS': [], 'BANANAS': [], 'COCONUTS': [], 'PINA_COLADAS': [], 'BERRIES': [(BERRIES, 3926.0, 0.0)], 'DIVING_GEAR': []} {'COCONUTS': 0, 'BANANAS': 97.8528750000014, 'PINA_COLADAS': 0, 'BERRIES': 0, 'DIVING_GEAR': 0}
34000 {'PEARLS': [], 'BANANAS': [(BANANAS, 4871.0, -1.0)], 'COCONUTS': [], 'PINA_COLADAS': [], 'BERRIES': [(BERRIES, 3926.0, 0.0)], 'DIVING_GEAR': []} {'COCONUTS': 0, 'BANANAS': 102.5565000000015, 'PINA_COLADAS': 0, 'BERRIES': 0, 'DIVING_GEAR': 0}
34100 {'PEARLS': [], 'BANANAS': [], 'COCONUTS': [], 'PINA_COLADAS': [], 'BERRIES': [(BERRIES, 3927.0, 0.0)], 'DIVING_GEAR': []} {'COCONUTS': 0, 'BANANAS': 102.5565000000015, 'PINA_COLADAS': 0, 'BERRIES': 0, 'DIVING_GEAR': 0}
34200 {'PEARLS': [], 'BANANAS': [], 'COCONUTS': [], 'PINA_COLADAS': [], 'BERRIES': [(BERRIES, 3927.0, 0.0)], 'DIVING_GEAR': []} {'COCONUTS': 0, 'BANANAS': 102.5565000000015, 'PINA_COLADAS': 0, 'BERRIES': 0, 'DIVING_GEAR': 0}
34300 {'PEARLS': [], 'BANANAS': [(BANANAS, 4865.0, 1.0)], 'COCONUTS': [], 'PINA_COLADAS': [], 'BERRIES': [(BERRIES, 3926.0, 0.0)], 'DIVING_GEAR': []} {'COCONUTS': 0, 'BANANAS': 102.5565000000015, 'PINA_COLADAS': 0, 'BERRIES': 0, 'DIVING_GEAR': 0}
34400 {'PEARLS': [], 'BANANAS': [], 'COCONUTS': [], 'PINA_COLADAS': [], 'BERRIES': [(BERRIES, 3926.0, 0.0)], 'DIVING_GEAR': []} {'COCONUTS': 0, 'BANANAS': 102.5565000000015, 'PINA_COLADAS': 0, 'BERRIES': 0, 'DIVING_GEAR': 0}
34500 {'PEARLS': [], 'BANANAS': [], 'COCONUTS': [], 'PINA_COLADAS': [], 'BERRIES': [(BERRIES, 3926.0, 0.0)], 'DIVING_GEAR': []} {'COCONUTS': 0, 'BANANAS': 102.5565000000015, 'PINA_COLADAS': 0, 'BERRIES': 0, 'DIVING_GEAR': 0}
34600 {'PEARLS': [], 'BANANAS': [], 'COCONUTS': [], 'PINA_COLADAS': [], 'BERRIES': [(BERRIES, 3925.0, 0.0)], 'DIVING_GEAR': []} {'COCONUTS': 0, 'BANANAS': 102.5565000000015, 'PINA_COLADAS': 0, 'BERRIES': 0, 'DIVING_GEAR': 0}
34700 {'PEARLS': [], 'BANANAS': [], 'COCONUTS': [], 'PINA_COLADAS': [], 'BERRIES': [(BERRIES, 3926.0, 0.0)], 'DIVING_GEAR': []} {'COCONUTS': 0, 'BANANAS': 102.5565000000015, 'PINA_COLADAS': 0, 'BERRIES': 0, 'DIVING_GEAR': 0}
34800 {'PEARLS': [], 'BANANAS': [(BANANAS, 4865.0, 1.0)], 'COCONUTS': [], 'PINA_COLADAS': [], 'BERRIES': [(BERRIES, 3926.0, 0.0)], 'DIVING_GEAR': []} {'COCONUTS': 0, 'BANANAS': 102.5565000000015, 'PINA_COLADAS': 0, 'BERRIES': 0, 'DIVING_GEAR': 0}
34900 {'PEARLS': [], 'BANANAS': [], 'COCONUTS': [], 'PINA_COLADAS': [], 'BERRIES': [(BERRIES, 3924.0, 0.0)], 'DIVING_GEAR': []} {'COCONUTS': 0, 'BANANAS': 102.5565000000015, 'PINA_COLADAS': 0, 'BERRIES': 0, 'DIVING_GEAR': 0}
35000 {'PEARLS': [], 'BANANAS': [], 'COCONUTS': [], 'PINA_COLADAS': [], 'BERRIES': [(BERRIES, 3924.0, 0.0)], 'DIVING_GEAR': []} {'COCONUTS': 0, 'BANANAS': 102.5565000000015, 'PINA_COLADAS': 0, 'BERRIES': 0, 'DIVING_GEAR': 0}
35100 {'PEARLS': [], 'BANANAS': [], 'COCONUTS': [], 'PINA_COLADAS': [], 'BERRIES': [(BERRIES, 3924.0, 0.0)], 'DIVING_GEAR': []} {'COCONUTS': 0, 'BANANAS': 102.5565000000015, 'PINA_COLADAS': 0, 'BERRIES': 0, 'DIVING_GEAR': 0}
35200 {'PEARLS': [], 'BANANAS': [], 'COCONUTS': [], 'PINA_COLADAS': [], 'BERRIES': [(BERRIES, 3924.0, 0.0)], 'DIVING_GEAR': []} {'COCONUTS': 0, 'BANANAS': 102.5565000000015, 'PINA_COLADAS': 0, 'BERRIES': 0, 'DIVING_GEAR': 0}
35300 {'PEARLS': [], 'BANANAS': [], 'COCONUTS': [], 'PINA_COLADAS': [], 'BERRIES': [(BERRIES, 3924.0, 0.0)], 'DIVING_GEAR': []} {'COCONUTS': 0, 'BANANAS': 102.5565000000015, 'PINA_COLADAS': 0, 'BERRIES': 0, 'DIVING_GEAR': 0}
35400 {'PEARLS': [], 'BANANAS': [], 'COCONUTS': [], 'PINA_COLADAS': [], 'BERRIES': [], 'DIVING_GEAR': []} {'COCONUTS': 0, 'BANANAS': 102.5565000000015, 'PINA_COLADAS': 0, 'BERRIES': 0, 'DIVING_GEAR': 0}
35500 {'PEARLS': [], 'BANANAS': [], 'COCONUTS': [], 'PINA_COLADAS': [], 'BERRIES': [], 'DIVING_GEAR': []} {'COCONUTS': 0, 'BANANAS': 102.5565000000015, 'PINA_COLADAS': 0, 'BERRIES': 0, 'DIVING_GEAR': 0}
35600 {'PEARLS': [], 'BANANAS': [], 'COCONUTS': [], 'PINA_COLADAS': [], 'BERRIES': [], 'DIVING_GEAR': []} {'COCONUTS': 0, 'BANANAS': 102.5565000000015, 'PINA_COLADAS': 0, 'BERRIES': 0, 'DIVING_GEAR': 0}
35700 {'PEARLS': [], 'BANANAS': [], 'COCONUTS': [], 'PINA_COLADAS': [], 'BERRIES': [], 'DIVING_GEAR': []} {'COCONUTS': 0, 'BANANAS': 102.5565000000015, 'PINA_COLADAS': 0, 'BERRIES': 0, 'DIVING_GEAR': 0}
35800 {'PEARLS': [], 'BANANAS': [], 'COCONUTS': [], 'PINA_COLADAS': [], 'BERRIES': [], 'DIVING_GEAR': []} {'COCONUTS': 0, 'BANANAS': 102.5565000000015, 'PINA_COLADAS': 0, 'BERRIES': 0, 'DIVING_GEAR': 0}
35900 {'PEARLS': [], 'BANANAS': [], 'COCONUTS': [], 'PINA_COLADAS': [], 'BERRIES': [], 'DIVING_GEAR': []} {'COCONUTS': 0, 'BANANAS': 102.5565000000015, 'PINA_COLADAS': 0, 'BERRIES': 0, 'DIVING_GEAR': 0}
36000 {'PEARLS': [], 'BANANAS': [], 'COCONUTS': [], 'PINA_COLADAS': [], 'BERRIES': [], 'DIVING_GEAR': []} {'COCONUTS': 0, 'BANANAS': 102.5565000000015, 'PINA_COLADAS': 0, 'BERRIES': 0, 'DIVING_GEAR': 0}
36100 {'PEARLS': [], 'BANANAS': [], 'COCONUTS': [], 'PINA_COLADAS': [], 'BERRIES': [], 'DIVING_GEAR': []} {'COCONUTS': 0, 'BANANAS': 102.5565000000015, 'PINA_COLADAS': 0, 'BERRIES': 0, 'DIVING_GEAR': 0}
36200 {'PEARLS': [], 'BANANAS': [], 'COCONUTS': [], 'PINA_COLADAS': [], 'BERRIES': [], 'DIVING_GEAR': []} {'COCONUTS': 0, 'BANANAS': 102.5565000000015, 'PINA_COLADAS': 0, 'BERRIES': 0, 'DIVING_GEAR': 0}
36300 {'PEARLS': [], 'BANANAS': [], 'COCONUTS': [], 'PINA_COLADAS': [], 'BERRIES': [], 'DIVING_GEAR': []} {'COCONUTS': 0, 'BANANAS': 102.5565000000015, 'PINA_COLADAS': 0, 'BERRIES': 0, 'DIVING_GEAR': 0}
36400 {'PEARLS': [], 'BANANAS': [], 'COCONUTS': [], 'PINA_COLADAS': [], 'BERRIES': [], 'DIVING_GEAR': []} {'COCONUTS': 0, 'BANANAS': 102.5565000000015, 'PINA_COLADAS': 0, 'BERRIES': 0, 'DIVING_GEAR': 0}
36500 {'PEARLS': [], 'BANANAS': [], 'COCONUTS': [], 'PINA_COLADAS': [], 'BERRIES': [], 'DIVING_GEAR': []} {'COCONUTS': 0, 'BANANAS': 102.5565000000015, 'PINA_COLADAS': 0, 'BERRIES': 0, 'DIVING_GEAR': 0}
36600 {'PEARLS': [], 'BANANAS': [], 'COCONUTS': [], 'PINA_COLADAS': [], 'BERRIES': [], 'DIVING_GEAR': []} {'COCONUTS': 0, 'BANANAS': 102.5565000000015, 'PINA_COLADAS': 0, 'BERRIES': 0, 'DIVING_GEAR': 0}
